City_ID,City,Country,Date,Lat,Lng,Max Temp,Humidity,Cloudiness,Wind Speed
0,Vao,NC,2022-04-10 12:50:02,-22.6667,167.4833,77.22,84,43,20.27
1,Avarua,CK,2022-04-10 12:50:03,-21.2078,-159.775,77.05,94,75,2.3
2,Bredasdorp,ZA,2022-04-10 12:50:03,-34.5322,20.0403,75.69,48,0,19.22
3,Talaya,RU,2022-04-10 12:50:03,61.3833,152.75,-21.73,100,70,2.19
4,Arlit,NE,2022-04-10 12:50:04,18.7369,7.3853,107.64,4,0,10.04
5,Carnarvon,AU,2022-04-10 12:50:04,-24.8667,113.6333,71.67,64,0,10.36
6,Mataura,NZ,2022-04-10 12:50:05,-46.1927,168.8643,43.83,99,22,2.71
7,Santa Luzia,BR,2022-04-10 12:50:05,-19.7697,-43.8514,80.74,78,0,5.75
8,Verkhnyaya Sinyachikha,RU,2022-04-10 12:50:05,57.976,61.6673,43.74,86,99,9.4
9,Carauari,BR,2022-04-10 12:50:06,-4.8828,-66.8958,76.57,91,100,3.2
10,Mao,ES,2022-04-10 12:50:06,39.8885,4.2658,61.36,48,0,10.36
11,Saint-Philippe,RE,2022-04-10 12:50:07,-21.3585,55.7679,80.22,83,42,14.43
12,Ushuaia,AR,2022-04-10 12:50:07,-54.8,-68.3,42.46,65,0,16.11
13,Brigantine,US,2022-04-10 12:50:07,39.4101,-74.3646,46.06,54,0,17.27
14,Guiyang,CN,2022-04-10 12:50:08,26.5833,106.7167,66.69,68,20,6.71
15,Puerto Ayora,EC,2022-04-10 12:50:08,-0.7393,-90.3518,77.59,84,92,7.16
16,Albany,US,2022-04-10 12:50:08,42.6001,-73.9662,40.17,70,89,1.01
17,Yulara,AU,2022-04-10 12:50:09,-25.2406,130.9889,67.84,26,0,0.0
18,Ponta Do Sol,PT,2022-04-10 12:50:09,32.6667,-17.1,67.01,87,71,13.35
19,Tatawin,TN,2022-04-10 12:50:10,32.9297,10.4518,71.53,36,0,15.82
20,Kaitangata,NZ,2022-04-10 12:50:10,-46.2817,169.8464,47.21,92,10,2.13
21,Ribeira Grande,PT,2022-04-10 12:50:10,38.5167,-28.7,57.6,62,40,29.93
22,Rikitea,PF,2022-04-10 12:50:11,-23.1203,-134.9692,78.55,74,2,14.67
23,Eydhafushi,MV,2022-04-10 12:50:11,5.1033,73.0708,85.35,69,72,14.76
24,Georgetown,MY,2022-04-10 12:47:48,5.4112,100.3354,85.98,75,20,5.01
25,Chapais,CA,2022-04-10 12:47:20,49.7834,-74.8492,26.38,89,95,6.15
26,Viru,PE,2022-04-10 12:50:12,-8.4167,-78.75,72.19,78,76,3.4
27,Atuona,PF,2022-04-10 12:50:12,-9.8,-139.0333,78.85,74,14,18.9
28,Palana,RU,2022-04-10 12:50:12,59.1167,159.9667,7.97,95,62,4.9
29,Kavieng,PG,2022-04-10 12:50:13,-2.5744,150.7967,82.4,76,100,11.9
30,Jamestown,US,2022-04-10 12:45:41,42.097,-79.2353,33.39,52,100,17.27
31,Rio Cuarto,AR,2022-04-10 12:50:13,-33.1307,-64.3499,72.48,88,0,12.66
32,Annau,TM,2022-04-10 12:50:14,37.8876,58.516,72.9,40,100,20.71
33,Sitka,US,2022-04-10 12:50:14,57.0531,-135.33,33.69,80,0,0.0
34,Saint George,US,2022-04-10 12:50:14,37.1041,-113.5841,54.19,18,0,11.99
35,Kapaa,US,2022-04-10 12:50:15,22.0752,-159.319,73.72,92,100,14.97
36,Sandviken,SE,2022-04-10 12:50:15,60.6167,16.7667,45.1,86,100,10.22
37,Vila Velha,BR,2022-04-10 12:50:15,-20.3297,-40.2925,85.95,79,75,2.3
38,Olinda,BR,2022-04-10 12:50:16,-8.0089,-34.8553,83.93,70,40,8.05
39,Barra Do Garcas,BR,2022-04-10 12:45:35,-15.89,-52.2567,81.18,83,40,0.0
40,Zhigansk,RU,2022-04-10 12:50:16,66.7697,123.3711,5.81,93,6,10.45
41,Mar Del Plata,AR,2022-04-10 12:47:34,-38.0023,-57.5575,66.22,96,75,11.99
42,Nikolskoye,RU,2022-04-10 12:50:17,59.7035,30.7861,45.88,74,100,11.52
43,Vaini,TO,2022-04-10 12:50:17,-21.2,-175.2,77.16,94,40,5.75
44,Hasaki,JP,2022-04-10 12:50:17,35.7333,140.8333,61.29,81,1,13.15
45,Lenger,KZ,2022-04-10 12:51:18,42.183,69.8839,72.84,55,100,6.11
46,Bluff,NZ,2022-04-10 12:51:18,-46.6,168.3333,49.87,89,24,10.29
47,Cockburn Town,TC,2022-04-10 12:46:52,21.4612,-71.1419,78.57,78,89,13.96
48,Lebu,CL,2022-04-10 12:51:19,-37.6167,-73.65,51.87,82,10,18.45
49,Salalah,OM,2022-04-10 12:51:19,17.0151,54.0924,87.13,51,0,8.72
50,Busselton,AU,2022-04-10 12:51:19,-33.65,115.3333,57.15,74,96,6.4
51,Hilo,US,2022-04-10 12:49:21,19.7297,-155.09,71.26,93,100,4.61
52,Oussouye,SN,2022-04-10 12:51:20,12.485,-16.5469,96.98,16,44,8.23
53,Talcahuano,CL,2022-04-10 12:51:20,-36.7167,-73.1167,51.48,100,75,5.75
54,Koumac,NC,2022-04-10 12:51:20,-20.5667,164.2833,76.87,84,39,7.43
55,Banff,CA,2022-04-10 12:48:15,51.1762,-115.5698,24.03,58,87,3.44
56,Cherskiy,RU,2022-04-10 12:51:21,68.75,161.3,-13.5,99,100,2.8
57,Ajdabiya,LY,2022-04-10 12:51:21,30.7554,20.2263,75.25,24,0,18.59
58,Bedesa,ET,2022-04-10 12:51:21,8.9,40.7833,77.76,39,76,9.17
59,Kenai,US,2022-04-10 12:51:22,60.5544,-151.2583,28.15,73,0,3.44
60,Terrace Bay,CA,2022-04-10 12:51:22,48.7834,-87.1,31.87,85,100,3.27
61,Punta Arenas,CL,2022-04-10 12:51:22,-53.15,-70.9167,44.71,70,0,6.91
62,Seymchan,RU,2022-04-10 12:51:23,62.8833,152.4333,-18.31,96,96,3.09
63,Gouyave,GD,2022-04-10 12:51:23,12.1646,-61.7296,81.37,74,20,23.02
64,Narsaq,GL,2022-04-10 12:51:23,60.9167,-46.05,30.63,43,100,1.88
65,East London,ZA,2022-04-10 12:49:16,-33.0153,27.9116,68.94,83,20,11.5
66,Alice Springs,AU,2022-04-10 12:51:24,-23.7,133.8833,69.22,32,85,0.0
67,Mindelo,CV,2022-04-10 12:51:24,16.8901,-24.9804,69.75,75,10,19.55
68,Trofors,NO,2022-04-10 12:51:25,65.5333,13.4063,39.07,100,100,5.1
69,Rundu,NA,2022-04-10 12:51:25,-17.9333,19.7667,87.22,31,67,6.31
70,Bambous Virieux,MU,2022-04-10 12:51:25,-20.3428,57.7575,80.85,78,40,11.5
71,Port Alfred,ZA,2022-04-10 12:51:26,-33.5906,26.891,65.17,87,100,5.99
72,Nelson,NZ,2022-04-10 12:51:16,-41.2833,173.2833,53.69,85,0,1.99
73,Lata,PT,2022-04-10 12:51:26,40.1629,-8.3327,73.92,49,9,15.35
74,Kodiak,US,2022-04-10 12:51:26,57.79,-152.4072,33.31,37,0,10.36
75,Lubao,PH,2022-04-10 12:51:27,14.9167,120.55,80.67,71,100,2.84
76,Sao Gabriel,BR,2022-04-10 12:51:27,-30.3364,-54.32,68.59,81,100,12.24
77,Severo-Kurilsk,RU,2022-04-10 12:51:27,50.6789,156.125,30.42,86,100,15.73
78,Westport,US,2022-04-10 12:51:27,41.1415,-73.3579,47.01,71,100,10.36
79,Mahebourg,MU,2022-04-10 12:51:28,-20.4081,57.7,80.89,78,40,11.5
80,Victoria,HK,2022-04-10 12:49:26,22.2855,114.1577,77.38,69,0,5.99
81,Anadyr,RU,2022-04-10 12:51:28,64.75,177.4833,30.7,86,100,13.42
82,Kamariotissa,GR,2022-04-10 12:51:29,40.4833,25.4667,58.46,87,10,15.66
83,Thompson,CA,2022-04-10 12:51:29,55.7435,-97.8558,32.16,100,100,4.61
84,Les Cayes,HT,2022-04-10 12:48:16,18.2,-73.75,78.93,69,87,3.4
85,Ambon,ID,2022-04-10 12:51:29,-3.6954,128.1814,77.14,94,20,2.3
86,Mayo,US,2022-04-10 12:51:30,38.8876,-76.5119,46.08,67,100,12.66
87,Mehamn,NO,2022-04-10 12:51:30,71.0357,27.8492,39.15,65,0,11.5
88,Innisfail,AU,2022-04-10 12:52:30,-17.5333,146.0333,77.02,88,91,3.31
89,Beaufort,MY,2022-04-10 12:52:31,5.3473,115.7455,74.07,95,100,0.45
90,Dikson,RU,2022-04-10 12:52:31,73.5069,80.5464,2.08,99,80,3.15
91,Qobustan,AZ,2022-04-10 12:52:31,40.0824,49.412,61.23,59,0,13.56
92,Walvis Bay,NA,2022-04-10 12:52:32,-22.9575,14.5053,72.55,53,0,9.22
93,Baruun-Urt,MN,2022-04-10 12:52:32,46.6806,113.2792,41.63,28,100,19.57
94,Beruwala,LK,2022-04-10 12:52:32,6.4788,79.9828,80.87,78,61,6.69
95,Balabac,PH,2022-04-10 12:52:33,7.9868,117.0645,75.94,93,100,10.42
96,Port Elizabeth,ZA,2022-04-10 12:52:33,-33.918,25.5701,69.1,85,20,10.36
97,Vallenar,CL,2022-04-10 12:52:33,-28.5708,-70.7581,63.66,62,0,2.77
98,Cape Town,ZA,2022-04-10 12:52:34,-33.9258,18.4232,85.12,32,0,9.22
99,Aquin,HT,2022-04-10 12:52:34,18.2833,-73.4,78.75,73,91,0.54
100,Nome,US,2022-04-10 12:52:34,64.5011,-165.4064,28.47,93,100,11.5
101,Barrow,US,2022-04-10 12:52:34,71.2906,-156.7887,-14.78,84,0,9.22
102,Longyearbyen,SJ,2022-04-10 12:52:35,78.2186,15.6401,15.64,53,0,23.02
103,Hobart,AU,2022-04-10 12:51:45,-42.8794,147.3294,60.03,80,75,4.61
104,Vardo,NO,2022-04-10 12:52:35,70.3705,31.1107,36.25,84,6,19.95
105,Cidreira,BR,2022-04-10 12:52:35,-30.1811,-50.2056,73.4,81,1,11.34
106,Tura,IN,2022-04-10 12:52:36,25.5198,90.2201,75.69,77,0,5.68
107,Marstal,DK,2022-04-10 12:52:36,54.8562,10.5173,44.51,59,81,26.6
108,New Norfolk,AU,2022-04-10 12:52:36,-42.7826,147.0587,59.67,56,25,5.01
109,Koungheul,SN,2022-04-10 12:52:37,13.9833,-14.8,106.56,6,14,10.67
110,Tuatapere,NZ,2022-04-10 12:52:37,-46.1333,167.6833,44.92,92,4,5.23
111,Kumbo,CM,2022-04-10 12:52:37,6.2,10.6667,75.2,41,99,4.21
112,Saint-Denis,FR,2022-04-10 12:52:38,48.9167,2.3333,57.76,44,0,8.05
113,Los Llanos De Aridane,ES,2022-04-10 12:52:38,28.6585,-17.9182,64.15,82,20,6.91
114,Cam Ranh,VN,2022-04-10 12:52:38,11.9214,109.1591,76.96,88,20,6.91
115,Alofi,NU,2022-04-10 12:52:39,-19.0595,-169.9187,73.29,100,1,0.0
116,Novoleushkovskaya,RU,2022-04-10 12:52:39,45.9956,39.9921,72.27,41,100,6.78
117,Saldanha,ZA,2022-04-10 12:52:39,-33.0117,17.9442,89.65,47,1,9.19
118,Zeya,RU,2022-04-10 12:52:39,53.75,127.2667,32.25,54,100,10.22
119,Kahului,US,2022-04-10 12:52:40,20.8947,-156.47,74.84,76,20,10.36
120,Sao Filipe,CV,2022-04-10 12:52:40,14.8961,-24.4956,74.95,69,15,16.75
121,Ouallam,NE,2022-04-10 12:52:40,14.3188,2.0866,108.21,11,67,4.9
122,Chenghai,CN,2022-04-10 12:52:41,23.4632,116.768,71.51,83,20,2.24
123,Tokur,RU,2022-04-10 12:52:41,53.1333,132.9,20.93,89,100,4.56
124,Nabire,ID,2022-04-10 12:49:18,-3.3667,135.4833,75.06,97,100,4.05
125,Geraldton,AU,2022-04-10 12:52:41,-28.7667,114.6,64.81,68,40,4.61
126,Yakeshi,CN,2022-04-10 12:52:42,49.2833,120.7333,31.39,70,21,13.56
127,Souillac,MU,2022-04-10 12:52:42,-20.5167,57.5167,80.98,78,40,11.5
128,Zarautz,ES,2022-04-10 12:52:42,43.2844,-2.1699,72.27,33,94,9.06
129,Arraial Do Cabo,BR,2022-04-10 12:52:43,-22.9661,-42.0278,82.26,74,40,4.61
130,Honiara,SB,2022-04-10 12:50:42,-9.4333,159.95,77.81,88,14,3.98
131,Grootfontein,NA,2022-04-10 12:52:43,-19.5667,18.1167,80.17,50,36,4.61
132,Olafsvik,IS,2022-04-10 12:52:43,64.8945,-23.7142,38.19,88,100,23.13
133,Hithadhoo,MV,2022-04-10 12:52:44,-0.6,73.0833,84.18,72,26,8.52
134,Castro,BR,2022-04-10 12:52:44,-24.7911,-50.0119,66.56,83,100,4.32
135,Baykit,RU,2022-04-10 12:52:44,61.67,96.37,25.61,95,100,4.34
136,Kamenka,RU,2022-04-10 12:52:45,51.3223,42.7678,64.35,48,100,11.68
137,Siocon,PH,2022-04-10 12:52:45,7.7061,122.1353,76.53,95,100,6.98
138,Port-Cartier,CA,2022-04-10 12:53:45,50.0334,-66.8654,33.75,97,100,6.29
139,Lebyazhye,RU,2022-04-10 12:53:45,55.2689,66.4947,49.55,52,100,13.6
140,Hermanus,ZA,2022-04-10 12:53:46,-34.4187,19.2345,81.81,41,0,11.14
141,Vengerovo,RU,2022-04-10 12:53:46,55.6848,76.7471,29.86,83,6,4.63
142,Venado Tuerto,AR,2022-04-10 12:53:46,-33.7456,-61.9688,68.77,71,51,12.95
143,Flinders,AU,2022-04-10 12:53:47,-34.5833,150.8552,69.39,87,2,5.99
144,Bethel,US,2022-04-10 12:53:47,41.3712,-73.414,45.01,74,14,3.0
145,Kununurra,AU,2022-04-10 12:53:47,-15.7667,128.7333,73.38,68,13,0.0
146,Madang,PG,2022-04-10 12:53:48,-5.2246,145.7966,77.4,88,18,0.76
147,Chokurdakh,RU,2022-04-10 12:53:48,70.6333,147.9167,-17.0,100,100,3.38
148,Inhambane,MZ,2022-04-10 12:53:48,-23.865,35.3833,74.32,90,100,11.99
149,Nampula,MZ,2022-04-10 12:53:49,-15.1165,39.2666,82.35,57,75,8.05
150,Mutare,ZW,2022-04-10 12:53:02,-18.9707,32.6709,64.58,92,100,3.36
151,Daru,PG,2022-04-10 12:53:49,-9.0763,143.2092,80.89,84,100,7.09
152,Fare,PF,2022-04-10 12:53:49,-16.7,-151.0167,81.75,75,1,14.72
153,Bandundu,CD,2022-04-10 12:53:50,-3.3167,17.3667,89.98,54,75,2.26
154,Tuktoyaktuk,CA,2022-04-10 12:53:50,69.4541,-133.0374,1.44,95,100,12.84
155,Korem,ET,2022-04-10 12:53:50,12.5058,39.5228,72.5,25,0,11.21
156,Eureka,US,2022-04-10 12:53:51,40.8021,-124.1637,44.19,85,100,3.0
157,Pskov,RU,2022-04-10 12:53:51,57.8136,28.3496,44.51,61,75,22.37
158,Kudahuvadhoo,MV,2022-04-10 12:53:51,2.6708,72.8944,84.94,65,10,10.47
159,Kozlovo,RU,2022-04-10 12:53:52,56.5167,36.2667,47.12,49,100,6.71
160,Constitucion,CL,2022-04-10 12:53:52,-35.3333,-72.4167,54.12,66,0,2.08
161,Mutis,CO,2022-04-10 12:53:52,6.2262,-77.4044,78.12,89,100,4.76
162,Bajos De Haina,DO,2022-04-10 12:53:53,18.4154,-70.0332,79.32,85,20,0.0
163,Isangel,VU,2022-04-10 12:53:53,-19.55,169.2667,77.11,88,13,3.44
164,Champerico,GT,2022-04-10 12:53:53,14.3,-91.9167,75.74,68,15,4.99
165,Joensuu,FI,2022-04-10 12:53:54,62.6012,29.7632,38.26,80,75,14.97
166,Faanui,PF,2022-04-10 12:53:54,-16.4833,-151.75,82.0,74,13,15.66
167,Yellowknife,CA,2022-04-10 12:50:30,62.456,-114.3525,5.56,84,20,15.01
168,Esperance,AU,2022-04-10 12:53:54,-33.8667,121.9,62.44,73,17,14.76
169,Sinjai,ID,2022-04-10 12:53:55,-5.1241,120.253,75.38,89,18,3.13
170,Alekseyevsk,RU,2022-04-10 12:53:55,57.8406,108.3492,26.1,95,100,1.19
171,Kissidougou,GN,2022-04-10 12:53:56,9.1848,-10.0999,96.89,34,8,3.49
172,Airai,TL,2022-04-10 12:53:56,-8.9266,125.4092,59.13,90,5,2.75
173,Labuhan,ID,2022-04-10 12:53:56,-6.8844,112.2051,80.91,76,96,3.04
174,Port Lincoln,AU,2022-04-10 12:53:56,-34.7333,135.8667,63.14,78,100,14.99
175,Shingu,JP,2022-04-10 12:49:06,33.7333,135.9833,58.42,77,42,4.81
176,Berbera,SO,2022-04-10 12:53:57,10.4396,45.0143,87.03,65,5,17.58
177,Hambantota,LK,2022-04-10 12:53:57,6.1241,81.1185,84.54,79,40,9.22
178,Salinas,US,2022-04-10 12:53:57,36.6777,-121.6555,49.78,76,40,5.75
179,Turbat,PK,2022-04-10 12:53:58,26.0023,63.044,101.64,11,100,15.57
180,Otane,NZ,2022-04-10 12:53:58,-39.8833,176.6333,48.0,93,3,2.19
181,Kutum,SD,2022-04-10 12:53:59,14.2,24.6667,94.75,7,0,5.84
182,Guamuchil,MX,2022-04-10 12:53:59,25.4667,-108.1,61.75,95,81,4.45
183,Tyrma,RU,2022-04-10 12:54:59,50.0833,132.1667,33.69,93,100,11.27
184,Gisborne,NZ,2022-04-10 12:55:00,-38.6533,178.0042,53.6,87,6,5.7
185,Chusovoy,RU,2022-04-10 12:55:01,58.3013,57.8131,46.2,91,100,8.86
186,Tasiilaq,GL,2022-04-10 12:55:02,65.6145,-37.6368,19.74,74,88,2.26
187,Krasnoarmeysk,RU,2022-04-10 12:55:03,51.0239,45.6969,58.98,60,35,6.31
188,Richards Bay,ZA,2022-04-10 12:55:03,-28.783,32.0377,70.86,76,100,9.82
189,Klaksvik,FO,2022-04-10 12:55:04,62.2266,-6.589,34.72,60,100,12.46
190,Srednekolymsk,RU,2022-04-10 12:55:05,67.45,153.6833,0.95,97,100,5.73
191,Tupiza,BO,2022-04-10 12:55:05,-21.45,-65.7167,61.65,17,100,7.16
192,Portland,US,2022-04-10 12:50:38,45.5234,-122.6762,41.58,88,100,5.01
193,Ishigaki,JP,2022-04-10 12:55:06,24.3448,124.1572,75.33,100,75,8.05
194,Chuy,UY,2022-04-10 12:55:06,-33.6971,-53.4616,72.59,71,6,9.42
195,Luzhou,CN,2022-04-10 12:55:06,28.8724,105.4405,77.02,60,0,5.21
196,Mountain Home,US,2022-04-10 12:50:14,43.133,-115.6912,26.08,100,0,5.75
197,Clyde River,CA,2022-04-10 12:55:07,70.4692,-68.5914,-1.97,84,75,10.36
198,Mihaesti,RO,2022-04-10 12:55:07,45.0333,24.25,44.13,81,100,6.13
199,Saskylakh,RU,2022-04-10 12:55:07,71.9167,114.0833,-11.97,100,12,2.46
200,Palmer,US,2022-04-10 12:55:08,42.1584,-72.3287,44.62,73,75,6.91
201,Camacha,PT,2022-04-10 12:55:08,33.0833,-16.3333,58.42,94,75,13.8
202,Pringsewu,ID,2022-04-10 12:55:08,-5.3582,104.9744,75.92,87,54,6.53
203,Santa Ines,BR,2022-04-10 12:55:09,-3.6667,-45.38,81.14,79,86,5.19
204,Aparecida Do Taboado,BR,2022-04-10 12:55:09,-20.0867,-51.0936,82.24,65,85,4.56
205,Husavik,IS,2022-04-10 12:55:09,66.0449,-17.3389,32.68,70,93,5.48
206,San Jose,US,2022-04-10 12:51:21,37.3394,-121.895,57.15,48,0,12.66
207,Mount Isa,AU,2022-04-10 12:55:10,-20.7333,139.5,80.37,34,69,3.44
208,Cartagena,CO,2022-04-10 12:50:47,10.3997,-75.5144,80.22,74,75,6.91
209,Velyka Lepetykha,UA,2022-04-10 12:55:10,47.1757,33.9436,66.06,47,91,10.63
210,Gat,IL,2022-04-10 12:55:10,31.61,34.7642,82.4,32,0,13.53
211,Mareeba,AU,2022-04-10 12:55:11,-17.0,145.4333,75.92,88,35,2.55
212,Seoul,KR,2022-04-10 12:50:25,37.5683,126.9778,63.79,55,0,2.3
213,Meulaboh,ID,2022-04-10 12:55:11,4.1363,96.1285,80.06,83,100,3.87
214,Bardiyah,LY,2022-04-10 12:55:11,31.7561,25.0865,70.03,44,0,8.55
215,Hobyo,SO,2022-04-10 12:55:12,5.3505,48.5268,86.16,58,0,11.48
216,Guerrero Negro,MX,2022-04-10 12:55:12,27.9769,-114.0611,58.39,94,59,1.92
217,Weligama,LK,2022-04-10 12:55:12,5.9667,80.4167,80.6,79,97,10.8
218,Sorland,NO,2022-04-10 12:55:13,67.667,12.6934,35.83,95,100,14.23
219,Mahajanga,MG,2022-04-10 12:55:13,-15.7167,46.3167,93.22,52,20,5.75
220,Coyah,GN,2022-04-10 12:55:14,9.75,-13.4167,94.44,31,100,7.23
221,Mitsamiouli,KM,2022-04-10 12:55:14,-11.3847,43.2844,83.48,71,57,2.15
222,Bilibino,RU,2022-04-10 12:55:14,68.0546,166.4372,-17.25,100,100,1.01
223,Buraydah,SA,2022-04-10 12:55:15,26.326,43.975,91.85,8,83,7.85
224,Camrose,CA,2022-04-10 12:52:34,53.0168,-112.8353,26.92,48,100,20.94
225,Koshurnikovo,RU,2022-04-10 12:55:15,54.1667,93.3,28.38,97,100,2.35
226,Broome,US,2022-04-10 12:55:15,42.2506,-75.833,36.9,77,100,10.36
227,Adrar,MR,2022-04-10 12:55:16,20.5022,-10.0711,96.37,5,0,8.57
228,Kargasok,RU,2022-04-10 12:55:16,59.0556,80.8572,18.63,88,33,5.28
229,Yazykovo,RU,2022-04-10 12:56:16,55.2199,56.1353,39.65,96,100,3.98
230,Clinton,US,2022-04-10 12:52:44,42.587,-82.9199,37.27,77,20,8.05
231,Saint-Louis,SN,2022-04-10 12:55:44,16.3333,-15.0,92.84,7,5,10.87
232,Lokoja,NG,2022-04-10 12:56:17,7.8024,6.743,106.09,25,86,0.4
233,Awjilah,LY,2022-04-10 12:56:17,29.1081,21.2869,86.22,13,0,10.6
234,Dhing,IN,2022-04-10 12:56:17,26.4667,92.4667,82.0,53,0,1.48
235,Touros,BR,2022-04-10 12:56:18,-5.1989,-35.4608,83.57,74,68,14.61
236,Novoagansk,RU,2022-04-10 12:56:18,61.9449,76.6625,22.71,87,100,2.57
237,Maniitsoq,GL,2022-04-10 12:56:18,65.4167,-52.9,26.24,66,100,11.27
238,Asuncion Nochixtlan,MX,2022-04-10 12:56:19,17.4667,-97.2333,54.72,65,11,2.28
239,Mazagao,BR,2022-04-10 12:56:19,-0.115,-51.2894,78.85,92,97,3.18
240,Campos Novos,BR,2022-04-10 12:52:11,-27.4017,-51.225,67.98,72,95,5.1
241,Butaritari,KI,2022-04-10 12:56:20,3.0707,172.7902,79.92,80,100,9.1
242,Araquari,BR,2022-04-10 12:56:20,-26.3703,-48.7211,74.07,88,75,2.3
243,Skjervoy,NO,2022-04-10 12:56:21,70.0311,20.9714,37.4,70,12,18.03
244,Weiser,US,2022-04-10 12:56:22,44.251,-116.9693,30.87,82,100,2.62
245,Caraballeda,VE,2022-04-10 12:56:22,10.6112,-66.8522,85.86,72,20,3.44
246,Mankono,CI,2022-04-10 12:56:22,8.0586,-6.1897,94.89,41,4,4.63
247,Colac,AU,2022-04-10 12:56:23,-38.3333,143.5833,62.17,88,100,5.7
248,Nouadhibou,MR,2022-04-10 12:55:14,20.931,-17.0347,67.98,73,33,19.57
249,Bandarbeyla,SO,2022-04-10 12:56:23,9.4942,50.8122,84.2,65,0,10.11
250,Myitkyina,MM,2022-04-10 12:56:24,25.3833,97.4,78.62,47,71,2.48
251,Ternate,ID,2022-04-10 12:56:24,0.8,127.4,82.33,79,100,8.41
252,Hofn,IS,2022-04-10 12:56:24,64.2539,-15.2082,34.41,64,100,2.28
253,Shieli,KZ,2022-04-10 12:56:25,44.1667,66.75,80.31,23,100,14.81
254,Saint-Joseph,RE,2022-04-10 12:56:25,-21.3667,55.6167,79.18,80,29,15.19
255,West Wendover,US,2022-04-10 12:56:25,40.7391,-114.0733,32.31,33,0,12.1
256,Develi,TR,2022-04-10 12:56:26,38.3906,35.4922,58.35,41,93,12.82
257,Hay River,CA,2022-04-10 12:52:31,60.8156,-115.7999,15.78,79,20,9.22
258,Qaanaaq,GL,2022-04-10 12:56:26,77.484,-69.3632,-2.6,84,72,6.33
259,Kapuskasing,CA,2022-04-10 12:56:26,49.4169,-82.4331,23.09,92,0,5.75
260,Nishihara,JP,2022-04-10 12:56:27,26.1842,127.7558,73.06,88,75,11.5
261,Welkom,ZA,2022-04-10 12:56:27,-27.9864,26.7066,56.35,73,94,15.52
262,Saint-Augustin,CA,2022-04-10 12:56:27,51.226,-58.6502,34.45,100,100,3.78
263,Berlevag,NO,2022-04-10 12:56:28,70.8578,29.0864,39.2,78,2,16.89
264,Polunochnoye,RU,2022-04-10 12:56:28,60.8697,60.4153,38.21,98,100,9.24
265,Batouri,CM,2022-04-10 12:56:28,4.4333,14.3667,90.37,38,100,3.8
266,Faya,SA,2022-04-10 12:56:28,18.3851,42.4509,81.12,21,0,9.78
267,Tinampo,PH,2022-04-10 12:56:29,13.2303,123.5094,75.31,94,100,2.8
268,Coquimbo,CL,2022-04-10 12:56:29,-29.9533,-71.3436,60.24,79,0,3.2
269,Lumut,MY,2022-04-10 12:56:29,4.2323,100.6298,84.22,79,20,3.44
270,Las Matas De Farfan,DO,2022-04-10 12:56:30,18.8731,-71.5166,76.53,67,45,5.03
271,Boa Vista,BR,2022-04-10 12:52:44,2.8197,-60.6733,80.58,74,0,12.66
272,Farkhor,TJ,2022-04-10 12:56:31,37.4922,69.4036,85.8,27,100,5.75
273,Aklavik,CA,2022-04-10 12:56:31,68.2191,-135.0107,-16.62,98,79,2.55
274,Bagdarin,RU,2022-04-10 12:56:31,54.4333,113.6,27.3,79,100,0.72
275,Lompoc,US,2022-04-10 12:56:32,34.6391,-120.4579,56.79,93,0,0.0
276,Havoysund,NO,2022-04-10 12:57:32,70.9963,24.6622,37.63,85,19,23.04
277,Puerto Leguizamo,CO,2022-04-10 12:57:33,-0.1934,-74.7819,74.46,94,100,0.74
278,Saint-Georges,GD,2022-04-10 12:57:33,12.0564,-61.7485,82.08,74,20,23.02
279,Iwanai,JP,2022-04-10 12:57:33,42.9744,140.5089,47.21,91,23,9.1
280,Morelia,MX,2022-04-10 12:57:34,19.7008,-101.1844,54.75,75,0,2.53
281,Korla,CN,2022-04-10 12:57:34,41.7597,86.1469,62.91,49,100,10.2
282,Nagato,JP,2022-04-10 12:57:34,34.3833,131.2,61.2,80,100,4.14
283,Roald,NO,2022-04-10 12:57:35,62.5833,6.1333,43.9,81,75,18.41
284,Bengkulu,ID,2022-04-10 12:57:35,-3.8004,102.2655,79.99,79,100,4.0
285,Kawalu,ID,2022-04-10 12:57:35,-7.3817,108.2082,72.81,97,99,2.01
286,Mandera,KE,2022-04-10 12:57:35,3.9366,41.867,98.55,25,13,8.37
287,Vilhena,BR,2022-04-10 12:57:36,-12.7406,-60.1458,77.22,83,0,4.61
288,Fagernes,NO,2022-04-10 12:57:36,60.9858,9.2324,41.92,59,9,8.12
289,Ust-Tsilma,RU,2022-04-10 12:57:36,65.441,52.1498,38.32,99,100,9.62
290,Tarana,IN,2022-04-10 12:57:37,23.3333,76.0333,98.62,11,0,10.74
291,Morondava,MG,2022-04-10 12:57:37,-20.2833,44.2833,85.12,67,100,10.56
292,Ravar,IR,2022-04-10 12:57:37,31.2656,56.8055,87.31,3,0,13.91
293,Nemuro,JP,2022-04-10 12:57:38,43.3236,145.575,35.78,79,87,9.66
294,Olga,RU,2022-04-10 12:57:38,43.7444,135.2892,39.29,88,100,6.71
295,Khanpur,PK,2022-04-10 12:57:38,28.6453,70.6567,106.23,6,7,10.51
296,Ayagoz,KZ,2022-04-10 12:57:39,47.9714,80.4392,43.23,40,26,16.91
297,Pochutla,MX,2022-04-10 12:57:39,15.7432,-96.4661,75.02,50,11,2.51
298,Rongcheng,CN,2022-04-10 12:57:39,30.634,117.8517,70.95,59,0,3.47
299,Lisala,CD,2022-04-10 12:57:40,2.15,21.5167,72.18,90,100,3.83
300,Cine,TR,2022-04-10 12:57:40,37.6117,28.0614,76.41,34,24,16.78
301,Krasnyy Chikoy,RU,2022-04-10 12:57:40,50.3643,108.7512,30.16,76,100,6.13
302,Hami,CN,2022-04-10 12:57:41,42.8,93.45,59.56,25,100,11.52
303,Aripuana,BR,2022-04-10 12:57:41,-9.1667,-60.6333,79.38,83,100,0.98
304,Coihaique,CL,2022-04-10 12:57:41,-45.5752,-72.0662,46.35,81,40,9.22
305,Muros,ES,2022-04-10 12:57:42,42.7762,-9.0603,70.68,69,97,12.48
306,Talnakh,RU,2022-04-10 12:54:21,69.4865,88.3972,2.21,98,98,1.92
307,Carutapera,BR,2022-04-10 12:57:42,-1.195,-46.02,74.59,97,100,4.9
308,Cristalina,BR,2022-04-10 12:57:43,-16.7686,-47.6136,77.49,58,58,1.99
309,Santiago,CL,2022-04-10 12:55:30,-33.4569,-70.6483,62.29,62,0,0.0
310,Pitimbu,BR,2022-04-10 12:57:43,-7.4706,-34.8086,84.79,66,42,11.83
311,Khatanga,RU,2022-04-10 12:57:43,71.9667,102.5,8.92,97,100,4.52
312,Kushiro,JP,2022-04-10 12:55:07,42.975,144.3747,37.53,87,50,6.11
313,Ambilobe,MG,2022-04-10 12:57:44,-13.2,49.05,84.02,78,35,2.91
314,Dunedin,NZ,2022-04-10 12:57:44,-45.8742,170.5036,53.8,82,6,4.23
315,Deputatskiy,RU,2022-04-10 12:57:44,69.3,139.9,-13.05,94,57,2.62
316,The Valley,AI,2022-04-10 12:57:11,18.217,-63.0578,82.09,69,40,12.66
317,Katsuura,JP,2022-04-10 12:53:34,35.1333,140.3,61.9,88,25,11.21
318,Posse,BR,2022-04-10 12:57:45,-14.0931,-46.3694,87.82,33,6,1.48
319,Pangnirtung,CA,2022-04-10 12:58:45,66.1451,-65.7125,23.02,90,100,6.02
320,Bud,US,2022-04-10 12:58:46,39.447,-86.1758,41.14,83,0,5.97
321,Westerland,DE,2022-04-10 12:58:46,54.9079,8.3033,45.01,57,20,23.02
322,Colares,PT,2022-04-10 12:58:46,38.7992,-9.4469,68.04,68,75,15.99
323,Payo,ID,2022-04-10 12:58:47,-3.7508,103.6372,75.24,89,97,3.67
324,Jurmala,LV,2022-04-10 12:58:47,56.968,23.7704,46.42,61,40,17.27
325,Haines Junction,CA,2022-04-10 12:58:47,60.7522,-137.5108,19.35,42,95,9.22
326,Russell,US,2022-04-10 12:58:47,32.3502,-85.1999,49.96,100,0,0.0
327,Am Timan,TD,2022-04-10 12:58:48,11.0297,20.2827,97.72,26,94,7.14
328,Erzincan,TR,2022-04-10 12:58:48,39.75,39.5,63.7,32,75,13.8
329,Pundaguitan,PH,2022-04-10 12:58:48,6.3711,126.1689,82.62,78,100,13.51
330,Qaqortoq,GL,2022-04-10 12:58:49,60.7167,-46.0333,31.73,60,100,2.01
331,Ulaanbaatar,MN,2022-04-10 12:58:07,47.9077,106.8832,32.13,69,75,13.42
332,Salsomaggiore Terme,IT,2022-04-10 12:58:49,44.8148,9.9796,61.68,41,2,5.17
333,Nanortalik,GL,2022-04-10 12:58:49,60.1432,-45.2371,31.6,71,100,1.9
334,San Cristobal,VE,2022-04-10 12:58:50,7.7669,-72.225,68.18,51,100,3.76
335,Beloha,MG,2022-04-10 12:58:50,-25.1667,45.05,80.62,59,100,17.76
336,Atar,MR,2022-04-10 12:58:50,20.5169,-13.0499,96.93,4,0,2.73
337,Amahai,ID,2022-04-10 12:58:51,-3.3333,128.9167,78.89,84,69,0.87
338,Naryan-Mar,RU,2022-04-10 12:58:51,67.6713,53.087,35.42,100,100,10.96
339,Sibolga,ID,2022-04-10 12:58:51,1.7427,98.7792,78.64,87,99,1.92
340,Huarmey,PE,2022-04-10 12:58:52,-10.0681,-78.1522,69.26,86,86,7.16
341,Watsa,CD,2022-04-10 12:58:52,3.0372,29.5355,67.46,90,100,7.18
342,Tiksi,RU,2022-04-10 12:58:53,71.6872,128.8694,-11.34,100,100,2.28
343,Jiblah,YE,2022-04-10 12:58:53,13.9216,44.1467,77.67,20,1,7.56
344,Kunming,CN,2022-04-10 12:58:53,25.0389,102.7183,64.33,48,0,6.71
345,Honolulu,US,2022-04-10 12:57:06,21.3069,-157.8583,75.02,82,50,3.0
346,Ekibastuz,KZ,2022-04-10 12:57:22,51.6667,75.3667,47.25,36,0,11.3
347,Cairns,AU,2022-04-10 12:54:59,-16.9167,145.7667,80.55,83,100,10.36
348,Amarillo,US,2022-04-10 12:56:53,35.222,-101.8313,54.68,8,53,17.09
349,Norman Wells,CA,2022-04-10 12:58:54,65.282,-126.8329,8.64,66,75,13.8
350,Codrington,AU,2022-04-10 12:58:54,-38.2667,141.9667,59.74,83,100,12.39
351,Regina,CA,2022-04-10 12:54:31,50.4501,-104.6178,30.04,75,40,11.5
352,Rawson,AR,2022-04-10 12:58:55,-43.3002,-65.1023,55.89,55,0,27.22
353,Clearwater,US,2022-04-10 12:57:24,27.9659,-82.8001,63.05,65,0,7.0
354,Verkhoyansk,RU,2022-04-10 12:58:55,67.5447,133.385,-6.48,100,13,2.21
355,Puerto Madryn,AR,2022-04-10 12:58:55,-42.7692,-65.0385,58.05,44,0,17.85
356,Upernavik,GL,2022-04-10 12:58:56,72.7868,-56.1549,0.73,76,27,5.48
357,Bonnyville,CA,2022-04-10 12:58:56,54.2668,-110.735,27.72,83,100,19.44
358,Port Hedland,AU,2022-04-10 12:58:56,-20.3167,118.5667,82.45,78,5,6.91
359,Lerwick,GB,2022-04-10 12:58:57,60.1545,-1.1494,39.2,54,100,14.72
360,Lorengau,PG,2022-04-10 12:58:57,-2.0226,147.2712,81.72,81,100,9.44
361,Chiredzi,ZW,2022-04-10 12:58:57,-21.05,31.6667,70.39,73,100,7.67
362,La Asuncion,VE,2022-04-10 12:58:58,11.0333,-63.8628,79.03,77,54,13.85
363,Matagami,CA,2022-04-10 12:59:58,49.7502,-77.6328,24.91,86,100,9.22
364,Gardiner,US,2022-04-10 12:59:58,44.2301,-69.7753,47.17,92,94,3.0
365,Ankang,CN,2022-04-10 12:59:59,32.68,109.0172,73.78,48,7,1.05
366,Mkushi,ZM,2022-04-10 12:59:59,-13.6202,29.3939,71.6,76,100,5.17
367,San Andres,CO,2022-04-10 12:59:59,12.5847,-81.7006,78.82,83,20,11.5
368,Basoko,CD,2022-04-10 13:00:00,1.2391,23.616,83.62,66,72,8.41
369,Kisangani,CD,2022-04-10 13:00:00,0.5167,25.2,84.33,61,100,3.56
370,Baicheng,CN,2022-04-10 13:00:01,45.6167,122.8167,57.61,22,100,8.99
371,Iquique,CL,2022-04-10 13:00:02,-20.2208,-70.1431,66.74,65,23,3.62
372,Pocone,BR,2022-04-10 13:00:03,-16.2567,-56.6228,84.61,62,10,6.51
373,Benguela,AO,2022-04-10 13:00:03,-12.5763,13.4055,82.27,74,60,10.38
374,Ilulissat,GL,2022-04-10 13:00:05,69.2167,-51.1,15.31,67,100,0.72
375,Goksun,TR,2022-04-10 13:00:06,38.021,36.4973,56.34,64,74,12.59
376,Sechura,PE,2022-04-10 13:00:09,-5.5569,-80.8222,72.16,74,57,11.54
377,Werda,BW,2022-04-10 13:00:10,-25.2667,23.2833,65.26,76,99,7.78
378,Grindavik,IS,2022-04-10 13:00:11,63.8424,-22.4338,41.47,81,75,24.16
379,Skelleftea,SE,2022-04-10 13:00:12,64.7507,20.9528,37.0,60,75,8.05
380,Naze,JP,2022-04-10 13:00:14,28.3667,129.4833,66.51,93,80,11.79
381,Mount Gambier,AU,2022-04-10 13:00:14,-37.8333,140.7667,59.43,79,100,8.55
382,Wanaka,NZ,2022-04-10 13:00:15,-44.7,169.15,46.4,88,7,6.33
383,Redmond,US,2022-04-10 12:59:29,47.674,-122.1215,40.33,89,100,3.0
384,Ugoofaaru,MV,2022-04-10 13:00:16,5.6667,73.0,85.28,70,97,14.12
385,Keflavik,IS,2022-04-10 13:00:16,64.0049,-22.5624,41.43,81,75,24.16
386,Zyryanovsk,KZ,2022-04-10 13:00:22,49.7386,84.2719,26.11,87,6,1.23
387,Dunda,TZ,2022-04-10 13:00:24,-8.1167,34.25,80.22,51,100,5.41
388,Marienburg,PL,2022-04-10 12:57:04,54.0359,19.0266,51.87,50,100,19.73
389,Te Anau,NZ,2022-04-10 13:00:26,-45.4167,167.7167,45.52,88,8,4.59
390,Antibes,FR,2022-04-10 13:00:27,43.5624,7.1278,64.83,36,75,16.11
391,Manakara,MG,2022-04-10 13:00:28,-22.1333,48.0167,79.45,71,8,7.11
392,Sommerda,DE,2022-04-10 13:00:28,51.15,11.1,51.62,58,100,17.27
393,Omsukchan,RU,2022-04-10 12:57:10,62.5333,155.8,-18.13,100,78,4.92
394,Balad,IQ,2022-04-10 13:00:31,34.0164,44.1453,88.16,13,100,7.85
395,Zaria,NG,2022-04-10 13:00:31,11.1113,7.7227,100.22,15,10,1.92
396,Tallahassee,US,2022-04-10 13:00:05,30.4383,-84.2807,54.09,73,0,1.03
397,Nanpara,IN,2022-04-10 12:58:21,27.8667,81.5,94.8,11,0,5.32
398,Hvide Sande,DK,2022-04-10 13:00:32,56.0045,8.1294,44.1,70,89,24.61
399,Cabo San Lucas,MX,2022-04-10 12:58:21,22.8909,-109.9124,67.51,76,56,10.0
400,Mocuba,MZ,2022-04-10 13:00:32,-16.8392,36.9856,81.32,71,53,3.6
401,Ordu,TR,2022-04-10 13:00:33,40.9086,37.6845,55.9,53,99,5.35
402,Luau,AO,2022-04-10 13:00:33,-10.7073,22.2247,75.79,68,48,6.6
403,Torbay,CA,2022-04-10 13:00:34,47.6666,-52.7314,41.29,96,100,16.11
404,Uniao,BR,2022-04-10 13:00:34,-4.5858,-42.8642,83.89,71,88,2.86
405,Esil,KZ,2022-04-10 13:00:34,51.9556,66.4042,50.83,54,89,20.58
406,Tupancireta,BR,2022-04-10 13:00:35,-29.0806,-53.8358,66.94,82,100,11.23
407,Iralaya,HN,2022-04-10 13:00:35,15.0,-83.2333,78.15,79,21,14.34
408,Uyuni,BO,2022-04-10 13:00:35,-20.4597,-66.825,48.99,22,100,12.8
409,Vagur,FO,2022-04-10 13:00:36,61.4732,-6.8119,35.78,54,100,7.49
410,Inongo,CD,2022-04-10 13:01:36,-1.95,18.2667,80.19,72,100,4.65
411,Makakilo City,US,2022-04-10 13:01:36,21.3469,-158.0858,73.72,74,100,4.61
412,Surt,LY,2022-04-10 13:01:37,31.2089,16.5887,68.05,43,0,12.28
413,Zomin,UZ,2022-04-10 13:01:37,39.9606,68.3958,77.67,37,100,8.5
414,Sao Joao Da Barra,BR,2022-04-10 13:01:37,-21.6403,-41.0511,79.52,78,15,4.05
415,Jiexiu,CN,2022-04-10 13:01:38,37.0244,111.9125,75.09,19,55,6.2
416,Norsup,VU,2022-04-10 13:01:38,-16.0667,167.3833,79.52,79,6,5.17
417,Pasighat,IN,2022-04-10 13:01:38,28.0667,95.3333,74.82,75,100,2.86
418,Denpasar,ID,2022-04-10 13:01:39,-8.65,115.2167,80.26,94,20,1.14
419,Wum,CM,2022-04-10 13:01:39,6.3833,10.0667,80.33,49,98,1.34
420,Bulgan,MN,2022-04-10 13:01:39,48.8125,103.5347,24.28,87,100,6.69
421,Indio,US,2022-04-10 13:01:40,33.7206,-116.2156,71.91,47,0,14.0
422,Pierre,US,2022-04-10 13:01:40,44.3683,-100.351,42.06,61,100,8.99
423,Mchinji,MW,2022-04-10 13:01:40,-13.7984,32.8802,69.58,81,98,4.94
424,Vicuna,CL,2022-04-10 13:01:40,-30.0319,-70.7081,67.98,53,0,3.22
425,Fortuna,US,2022-04-10 13:01:41,40.5982,-124.1573,43.14,83,75,6.91
426,Pacific Grove,US,2022-04-10 13:01:41,36.6177,-121.9166,55.45,89,40,5.75
427,Half Moon Bay,US,2022-04-10 13:01:42,37.4636,-122.4286,57.4,61,0,11.5
428,Gubkinskiy,RU,2022-04-10 13:01:42,64.434,76.5026,24.67,92,100,14.5
429,Nuuk,GL,2022-04-10 13:01:42,64.1835,-51.7216,31.87,69,75,10.0
430,Puerto Escondido,MX,2022-04-10 13:01:38,15.85,-97.0667,79.21,58,19,3.6
431,Whitehorse,CA,2022-04-10 13:01:43,60.7161,-135.0538,14.31,61,79,8.99
432,Horsham,GB,2022-04-10 13:01:43,51.064,-0.3272,56.84,49,40,8.05
433,Hervey Bay,AU,2022-04-10 13:01:43,-25.2986,152.8535,74.26,77,78,13.09
434,Yichang,CN,2022-04-10 13:01:44,30.7144,111.2847,77.63,50,0,3.04
435,Cayenne,GF,2022-04-10 13:01:44,4.9333,-52.3333,83.08,1,75,13.8
436,Pisco,PE,2022-04-10 13:01:44,-13.7,-76.2167,66.02,90,100,2.98
437,Beringovskiy,RU,2022-04-10 13:01:45,63.05,179.3167,27.57,89,40,14.92
438,Sibu,MY,2022-04-10 13:01:45,2.3,111.8167,75.07,91,44,3.04
439,Pangkalanbuun,ID,2022-04-10 13:01:45,-2.6833,111.6167,75.94,93,100,2.51
440,Tabuk,PH,2022-04-10 13:01:46,17.4189,121.4443,74.39,87,100,4.68
441,Svobodnyy,RU,2022-04-10 13:01:46,51.4,128.1333,32.5,99,100,12.97
442,Rockport,US,2022-04-10 12:57:16,28.0206,-97.0544,71.64,85,0,18.41
443,Godo,JP,2022-04-10 13:01:46,35.4167,136.6,66.49,57,32,3.27
444,Noumea,NC,2022-04-10 13:01:47,-22.2763,166.4572,80.01,99,100,11.03
445,Nador,MA,2022-04-10 13:01:47,35.174,-2.9287,62.85,82,75,9.22
446,Roebourne,AU,2022-04-10 13:01:47,-20.7833,117.1333,88.43,29,16,12.46
447,Lagoa,PT,2022-04-10 13:01:47,39.05,-27.9833,55.04,59,100,34.56
448,Dubna,RU,2022-04-10 13:01:48,56.7333,37.1667,47.28,48,100,6.11
449,Road Town,VG,2022-04-10 13:00:36,18.4167,-64.6167,80.01,77,16,15.52
450,Arkhangelsk,RU,2022-04-10 13:01:48,64.5401,40.5433,41.11,100,100,11.18
451,Dawlatabad,AF,2022-04-10 13:01:48,36.4141,64.9053,91.71,17,100,11.63
452,Upata,VE,2022-04-10 13:01:49,8.0086,-62.3989,81.09,55,74,8.41
453,Luderitz,NA,2022-04-10 13:01:49,-26.6481,15.1594,78.15,46,0,14.92
454,Santa Ana,US,2022-04-10 13:00:02,33.7456,-117.8678,64.08,81,39,1.99
455,Deyang,CN,2022-04-10 13:00:24,31.1302,104.382,73.49,54,20,3.67
456,Goderich,CA,2022-04-10 13:01:49,43.7501,-81.7165,36.91,82,100,16.22
457,Kaeo,NZ,2022-04-10 13:02:50,-35.1,173.7833,55.33,92,6,5.44
458,Takoradi,GH,2022-04-10 13:02:50,4.8845,-1.7554,87.03,64,60,8.55
459,Aborlan,PH,2022-04-10 13:02:51,9.4352,118.5492,79.54,81,100,2.37
460,Honningsvag,NO,2022-04-10 13:02:51,70.9821,25.9704,38.95,70,40,12.66
461,Ucluelet,CA,2022-04-10 13:02:17,48.9329,-125.5528,35.1,91,100,4.88
462,Orocue,CO,2022-04-10 13:00:34,4.7912,-71.3354,84.25,62,99,0.49
463,Singaraja,ID,2022-04-10 13:02:51,-8.112,115.0882,80.17,79,64,1.5
464,Kozova,UA,2022-04-10 13:02:52,49.4354,25.1509,45.39,51,100,10.42
465,Zhaoyang,CN,2022-04-10 13:02:52,42.682,126.0305,60.73,65,95,7.81
466,Tandil,AR,2022-04-10 13:00:10,-37.3217,-59.1332,64.69,86,97,7.67
467,Kruisfontein,ZA,2022-04-10 13:02:52,-34.0033,24.7314,66.88,66,96,21.25
468,Cabra,ES,2022-04-10 13:02:53,37.4725,-4.4421,74.73,30,79,13.11
469,Jijiga,ET,2022-04-10 13:02:53,9.35,42.8,77.49,41,75,13.67
470,Ketchikan,US,2022-04-10 13:02:53,55.3422,-131.6461,33.84,84,100,4.85
471,Port Macquarie,AU,2022-04-10 13:02:54,-31.4333,152.9167,64.89,91,8,5.37
472,Ponta Delgada,PT,2022-04-10 13:02:54,37.7333,-25.6667,56.12,62,40,26.46
473,Sume,BR,2022-04-10 13:02:54,-7.6717,-36.88,86.59,47,83,8.34
474,Kulhudhuffushi,MV,2022-04-10 13:02:55,6.6221,73.07,85.37,69,95,12.62
475,Superior,US,2022-04-10 13:00:01,46.7208,-92.1041,38.77,68,0,5.75
476,Hare Bay,CA,2022-04-10 13:02:55,48.8499,-54.0148,36.75,96,100,8.32
477,Mnogovershinnyy,RU,2022-04-10 13:02:55,53.9353,139.9242,12.22,90,83,2.91
478,Zabaykalsk,RU,2022-04-10 13:02:56,49.6333,117.3167,33.64,65,100,11.7
479,Samarai,PG,2022-04-10 13:02:56,-10.6167,150.6667,84.13,77,68,16.17
480,Buchanan,LR,2022-04-10 13:02:56,5.8808,-10.0467,86.2,59,8,6.58
481,Yangambi,CD,2022-04-10 13:02:57,0.8102,24.4336,86.0,57,100,3.71
482,Coahuayana,MX,2022-04-10 13:02:57,18.7333,-103.6833,72.61,63,76,2.8
483,Margate,GB,2022-04-10 13:02:57,51.3813,1.3862,54.88,61,98,1.99
484,Praia Da Vitoria,PT,2022-04-10 13:02:57,38.7333,-27.0667,58.75,64,99,30.65
485,Praya,CV,2022-04-10 13:02:58,14.9215,-23.5087,73.89,71,12,18.16
486,Makinsk,KZ,2022-04-10 13:02:58,52.6292,70.4169,46.35,45,89,14.45
487,Pinotepa Nacional,MX,2022-04-10 13:02:59,16.3167,-98.0167,74.57,70,97,2.93
488,Nova Granada,BR,2022-04-10 13:02:59,-20.5339,-49.3142,79.95,63,100,4.14
489,Aksarka,RU,2022-04-10 13:02:59,66.5606,67.7975,33.15,100,100,8.93
490,Presidencia Roque Saenz Pena,AR,2022-04-10 13:03:00,-26.7852,-60.4388,73.94,89,62,8.84
491,Roberval,CA,2022-04-10 13:03:00,48.5168,-72.2324,35.51,93,82,8.5
492,Saint-Pierre,RE,2022-04-10 13:03:00,-21.3393,55.4781,80.28,76,100,24.16
493,Grand Gaube,MU,2022-04-10 13:03:01,-20.0064,57.6608,81.37,79,44,5.99
494,Lucapa,AO,2022-04-10 13:03:01,-8.4192,20.7447,75.54,76,100,2.95
495,Manado,ID,2022-04-10 13:03:01,1.487,124.8455,75.97,100,40,2.3
496,Umea,SE,2022-04-10 13:03:02,63.8284,20.2597,33.91,93,40,9.22
497,Ouadda,CF,2022-04-10 13:03:02,8.0777,22.4007,93.88,32,39,6.93
498,Abha,SA,2022-04-10 13:03:02,18.2164,42.5053,79.05,18,0,13.8
499,Znamensk,RU,2022-04-10 13:03:02,48.5842,45.7338,67.5,44,0,5.06
500,Micheweni,TZ,2022-04-10 13:03:03,-4.9667,39.8333,87.89,59,16,8.21
501,Vila Do Maio,CV,2022-04-10 13:03:03,15.1333,-23.2167,70.79,81,14,19.55
502,Lucknow,IN,2022-04-10 12:59:47,26.85,80.9167,98.58,39,0,0.0
503,Asau,RO,2022-04-10 13:03:04,46.4333,26.4,39.96,99,100,6.78
504,Lobez,PL,2022-04-10 13:01:24,53.6392,15.6213,45.68,72,100,15.97
505,Cachoeira Do Sul,BR,2022-04-10 13:04:04,-30.0392,-52.8939,69.66,81,99,7.4
506,Kinston,US,2022-04-10 13:02:03,35.2627,-77.5816,48.16,49,0,5.75
507,Manaure,CO,2022-04-10 13:04:04,11.7751,-72.4445,79.99,70,100,13.96
508,Williston,US,2022-04-10 13:03:01,48.147,-103.618,32.31,57,6,6.04
509,Luwuk,ID,2022-04-10 13:04:05,-0.9516,122.7875,78.57,79,69,3.96
510,Bonthe,SL,2022-04-10 13:03:07,7.5264,-12.505,90.0,58,87,11.79
511,Leningradskiy,RU,2022-04-10 13:04:05,69.3833,178.4167,-16.46,95,28,4.85
512,Bismarck,US,2022-04-10 13:02:08,46.8083,-100.7837,35.82,82,0,8.05
513,Konakovo,RU,2022-04-10 13:04:06,56.7,36.7667,46.87,49,100,6.46
514,Muravlenko,RU,2022-04-10 13:04:06,63.7898,74.523,26.73,94,100,16.08
515,Pecos,US,2022-04-10 13:04:06,31.4229,-103.4932,70.3,20,0,0.0
516,Khor,RU,2022-04-10 13:04:07,47.8861,134.9464,40.03,94,100,9.62
517,Yaan,NG,2022-04-10 13:04:07,7.3833,8.5667,91.58,36,100,4.21
518,Aguimes,ES,2022-04-10 13:04:07,27.9054,-15.4461,65.03,60,20,9.22
519,Port Shepstone,ZA,2022-04-10 13:04:08,-30.7414,30.455,70.59,72,100,17.49
520,Cervo,ES,2022-04-10 13:04:08,43.6702,-7.4101,62.96,61,90,8.03
521,Plettenberg Bay,ZA,2022-04-10 13:04:08,-34.0527,23.3716,73.26,62,83,18.12
522,Lavrentiya,RU,2022-04-10 13:04:09,65.5833,-171.0,23.49,96,97,10.36
523,Viedma,AR,2022-04-10 13:04:09,-40.8135,-62.9967,62.24,60,100,8.34
524,Rujiena,LV,2022-04-10 13:04:09,57.8975,25.3316,44.06,53,51,14.0
525,Bay Roberts,CA,2022-04-10 13:04:10,47.5999,-53.2648,42.06,89,100,5.99
526,Tukrah,LY,2022-04-10 13:04:10,32.5341,20.5791,68.04,41,21,11.21
527,Gwalior,IN,2022-04-10 13:04:10,26.2236,78.1792,100.85,7,0,8.59
528,Yining,CN,2022-04-10 13:04:10,29.0361,114.5636,71.55,63,1,3.06
529,Saurimo,AO,2022-04-10 13:04:11,-9.6608,20.3916,76.42,72,100,4.99
530,Umm Kaddadah,SD,2022-04-10 13:04:11,13.6017,26.6876,104.65,5,5,9.24
531,Sioux Lookout,CA,2022-04-10 13:04:11,50.1001,-91.917,33.21,85,57,9.04
532,Bafata,GW,2022-04-10 13:04:12,12.1667,-14.75,104.79,11,44,4.74
533,Ben Tre,VN,2022-04-10 13:04:12,10.2333,106.3833,77.7,87,100,6.38
534,Ascension,US,2022-04-10 13:04:12,30.2169,-90.9001,62.02,89,0,3.44
535,Lakhdenpokhya,RU,2022-04-10 13:04:13,61.5198,30.1992,35.76,91,100,13.09
536,Kuznetsk,RU,2022-04-10 13:04:13,53.1167,46.6004,54.81,69,29,6.96
537,Sungairaya,ID,2022-04-10 13:04:13,0.7,108.9,80.17,74,15,4.76
538,Kastamonu,TR,2022-04-10 13:04:14,41.5,33.6667,66.2,39,9,10.16
539,El Guantillo,HN,2022-04-10 13:04:14,14.6,-87.3,64.76,88,92,3.27
540,Hamada,JP,2022-04-10 13:00:20,34.8833,132.0833,58.48,75,100,3.29
541,Auki,SB,2022-04-10 13:04:14,-8.7676,160.7034,77.77,85,12,3.74
542,San Mateo Del Mar,MX,2022-04-10 13:04:15,16.2,-95.0,74.75,66,6,25.37
543,Esso,RU,2022-04-10 13:04:15,55.9333,158.7,5.88,91,100,3.6
544,Paamiut,GL,2022-04-10 13:04:15,61.994,-49.6678,31.46,68,100,8.37
545,Olean,US,2022-04-10 13:04:16,42.0776,-78.4297,36.28,93,100,4.61
546,Miri,MY,2022-04-10 13:04:16,4.4148,114.0089,78.78,84,96,5.44
547,Maues,BR,2022-04-10 13:04:16,-3.3836,-57.7186,73.81,99,100,3.2
548,Guatire,VE,2022-04-10 13:04:17,10.4762,-66.5427,83.7,63,86,3.71
549,Maine-Soroa,NE,2022-04-10 13:04:17,13.2114,12.0241,105.35,9,8,3.2
