,City,Country,Date,Lat,Lng,Max Temp,Humidity,Cloudiness,Wind Speed,Current Description
0,Ribeira Grande,PT,2022-04-10 19:09:54,38.5167,-28.7,55.8,71,40,28.77,scattered clouds
1,Saint-Philippe,RE,2022-04-10 19:09:54,-21.3585,55.7679,78.39,83,79,13.31,light rain
2,Barrow,US,2022-04-10 19:09:55,71.2906,-156.7887,-5.78,77,100,12.66,overcast clouds
3,Saint-Pierre,RE,2022-04-10 19:09:55,-21.3393,55.4781,78.48,82,75,21.85,broken clouds
4,Bluff,NZ,2022-04-10 19:09:55,-46.6,168.3333,47.44,86,6,13.29,clear sky
5,Kruisfontein,ZA,2022-04-10 19:09:56,-34.0033,24.7314,65.88,90,27,6.53,scattered clouds
6,Grand Gaube,MU,2022-04-10 19:09:56,-20.0064,57.6608,77.4,87,17,3.0,few clouds
7,Alexandria,EG,2022-04-10 19:09:56,31.2156,29.9553,63.37,74,0,7.96,clear sky
8,Butaritari,KI,2022-04-10 19:09:57,3.0707,172.7902,80.49,76,98,8.72,light rain
9,Albany,US,2022-04-10 19:09:53,42.6001,-73.9662,45.91,59,99,14.5,overcast clouds
10,Ust-Kulom,RU,2022-04-10 19:09:57,61.6864,53.6902,39.22,99,100,7.52,overcast clouds
11,New Norfolk,AU,2022-04-10 19:05:38,-42.7826,147.0587,53.65,51,100,1.99,overcast clouds
12,Chuy,UY,2022-04-10 19:05:13,-33.6971,-53.4616,74.03,69,41,15.3,scattered clouds
13,Avarua,CK,2022-04-10 19:04:58,-21.2078,-159.775,82.45,83,40,5.75,scattered clouds
14,Arrifes,PT,2022-04-10 19:07:31,37.7667,-25.7,57.45,55,20,21.85,few clouds
15,Sinjar,IQ,2022-04-10 19:09:58,36.3209,41.8754,66.92,33,68,6.26,broken clouds
16,Lincoln,US,2022-04-10 19:07:43,40.8,-96.667,67.89,33,0,19.57,clear sky
17,Ushuaia,AR,2022-04-10 19:06:22,-54.8,-68.3,46.06,57,40,2.3,scattered clouds
18,Gravdal,NO,2022-04-10 19:09:58,68.1214,13.5031,37.63,68,83,11.56,broken clouds
19,Vaini,TO,2022-04-10 19:09:59,-21.2,-175.2,77.16,94,40,6.91,scattered clouds
20,Merauke,ID,2022-04-10 19:09:59,-8.4667,140.3333,78.04,89,93,5.73,overcast clouds
21,Carutapera,BR,2022-04-10 19:09:59,-1.195,-46.02,78.1,87,100,4.05,overcast clouds
22,Kodiak,US,2022-04-10 19:10:00,57.79,-152.4072,38.71,35,0,16.11,clear sky
23,Severo-Kurilsk,RU,2022-04-10 19:10:00,50.6789,156.125,28.87,87,99,16.17,light snow
24,Faanui,PF,2022-04-10 19:10:00,-16.4833,-151.75,82.62,72,6,16.31,clear sky
25,Rikitea,PF,2022-04-10 19:10:01,-23.1203,-134.9692,78.85,75,0,17.58,light rain
26,Port Keats,AU,2022-04-10 19:10:01,-14.25,129.55,75.49,74,11,3.22,few clouds
27,Bredasdorp,ZA,2022-04-10 19:10:01,-34.5322,20.0403,65.07,86,0,13.11,clear sky
28,Adrian,US,2022-04-10 19:10:02,41.8975,-84.0372,57.42,43,0,5.75,clear sky
29,Katsuura,JP,2022-04-10 19:10:02,35.1333,140.3,61.52,90,100,12.68,overcast clouds
30,Atuona,PF,2022-04-10 19:10:03,-9.8,-139.0333,78.94,76,15,16.49,few clouds
31,Punta Arenas,CL,2022-04-10 19:10:03,-53.15,-70.9167,50.11,50,0,12.66,clear sky
32,Opuwo,NA,2022-04-10 19:10:03,-18.0607,13.84,72.59,36,2,3.62,clear sky
33,Yarmouth,US,2022-04-10 19:10:04,41.7057,-70.2286,57.61,55,100,10.36,overcast clouds
34,Ahuimanu,US,2022-04-10 19:10:04,21.4447,-157.8378,78.51,69,75,14.97,broken clouds
35,East London,ZA,2022-04-10 19:05:35,-33.0153,27.9116,65.84,91,100,18.28,moderate rain
36,Georgetown,MY,2022-04-10 19:05:30,5.4112,100.3354,80.53,83,20,0.0,few clouds
37,Hilo,US,2022-04-10 19:10:04,19.7297,-155.09,74.12,89,100,7.0,light rain
38,Najran,SA,2022-04-10 19:10:05,17.4924,44.1277,75.99,19,0,5.41,clear sky
39,Hobart,AU,2022-04-10 19:10:05,-42.8794,147.3294,54.01,63,100,4.61,overcast clouds
40,Fremont,US,2022-04-10 19:05:30,37.5483,-121.9886,74.1,34,0,17.27,clear sky
41,Arraial Do Cabo,BR,2022-04-10 19:10:05,-22.9661,-42.0278,82.26,69,40,12.66,scattered clouds
42,Zapolyarnyy,RU,2022-04-10 19:10:06,69.4154,30.8136,33.08,98,100,26.13,snow
43,Kapaa,US,2022-04-10 19:10:06,22.0752,-159.319,78.78,90,100,8.05,overcast clouds
44,Isangel,VU,2022-04-10 19:10:06,-19.55,169.2667,78.91,82,53,7.63,broken clouds
45,Stepnyak,KZ,2022-04-10 19:10:07,52.8339,70.7803,37.22,61,100,12.48,overcast clouds
46,Norman Wells,CA,2022-04-10 19:10:07,65.282,-126.8329,15.48,78,100,10.85,overcast clouds
47,Millinocket,US,2022-04-10 19:09:44,45.6573,-68.7098,46.51,61,100,12.66,overcast clouds
48,Sao Joao Do Piaui,BR,2022-04-10 19:11:07,-8.3581,-42.2467,93.42,38,83,4.32,broken clouds
49,Seoul,KR,2022-04-10 19:09:36,37.5683,126.9778,54.84,59,0,1.97,clear sky
50,Bethel,US,2022-04-10 19:11:08,41.3712,-73.414,48.97,55,100,10.36,overcast clouds
51,Hermanus,ZA,2022-04-10 19:11:08,-34.4187,19.2345,68.81,81,3,9.31,clear sky
52,Kaili,ID,2022-04-10 19:11:09,-3.4626,120.2147,64.81,86,46,4.0,scattered clouds
53,Hasaki,JP,2022-04-10 19:11:09,35.7333,140.8333,52.2,87,81,12.64,broken clouds
54,Ituango,CO,2022-04-10 19:11:09,7.1712,-75.764,71.56,84,100,2.84,overcast clouds
55,Saldanha,ZA,2022-04-10 19:11:10,-33.0117,17.9442,65.14,66,0,8.25,clear sky
56,Talara,PE,2022-04-10 19:11:10,-4.5772,-81.2719,75.16,73,68,19.39,broken clouds
57,Clyde River,CA,2022-04-10 19:11:10,70.4692,-68.5914,7.61,87,99,4.79,overcast clouds
58,Soe,ID,2022-04-10 19:11:10,-9.8607,124.284,63.1,87,11,3.42,few clouds
59,Tuktoyaktuk,CA,2022-04-10 19:11:11,69.4541,-133.0374,0.86,86,98,13.13,overcast clouds
60,Rafaela,AR,2022-04-10 19:11:11,-31.2503,-61.4867,77.0,54,84,3.0,broken clouds
61,Zavodskoy,RU,2022-04-10 19:11:11,43.4597,132.2922,38.79,93,100,0.0,mist
62,Port Hardy,CA,2022-04-10 19:11:12,50.6996,-127.4199,39.74,68,41,4.74,scattered clouds
63,Beringovskiy,RU,2022-04-10 19:07:16,63.05,179.3167,25.92,96,100,11.03,overcast clouds
64,Bahia Honda,CU,2022-04-10 19:11:12,22.9036,-83.1592,75.83,47,79,14.9,broken clouds
65,Port Alfred,ZA,2022-04-10 19:11:13,-33.5906,26.891,66.18,94,100,7.0,overcast clouds
66,Port Elizabeth,ZA,2022-04-10 19:11:13,-33.918,25.5701,68.09,96,100,12.66,overcast clouds
67,Camana,PE,2022-04-10 19:11:13,-16.6228,-72.7111,71.92,69,21,10.33,few clouds
68,Araguari,BR,2022-04-10 19:11:13,-18.6472,-48.1872,81.19,59,91,1.57,overcast clouds
69,Kobryn,BY,2022-04-10 19:11:14,52.2138,24.3564,36.48,79,13,7.7,few clouds
70,Price,US,2022-04-10 19:11:02,39.5994,-110.8107,47.12,12,0,5.75,clear sky
71,Busselton,AU,2022-04-10 19:11:14,-33.65,115.3333,53.01,84,41,5.1,light rain
72,Kaitangata,NZ,2022-04-10 19:11:14,-46.2817,169.8464,43.74,95,22,5.7,few clouds
73,Muros,ES,2022-04-10 19:06:31,42.7762,-9.0603,60.1,79,78,13.89,broken clouds
74,Dikson,RU,2022-04-10 19:11:15,73.5069,80.5464,-5.8,100,100,3.36,overcast clouds
75,Tiksi,RU,2022-04-10 19:11:15,71.6872,128.8694,-15.38,100,100,1.68,overcast clouds
76,Alekseyevsk,RU,2022-04-10 19:11:16,57.8406,108.3492,22.86,98,100,1.7,overcast clouds
77,Mar Del Plata,AR,2022-04-10 19:09:38,-38.0023,-57.5575,71.1,97,100,11.99,light rain
78,Porbandar,IN,2022-04-10 19:11:16,21.6422,69.6093,80.96,75,12,7.78,few clouds
79,Juneau,US,2022-04-10 19:11:16,58.3019,-134.4197,44.6,51,20,11.5,few clouds
80,Puerto Ayora,EC,2022-04-10 19:11:17,-0.7393,-90.3518,84.16,86,100,7.0,overcast clouds
81,Xam Nua,LA,2022-04-10 19:11:17,20.4197,104.0439,63.03,89,32,2.17,scattered clouds
82,Khatanga,RU,2022-04-10 19:11:17,71.9667,102.5,0.75,98,98,0.78,overcast clouds
83,Vezirkopru,TR,2022-04-10 19:11:18,41.1436,35.4547,54.09,65,16,3.98,few clouds
84,Lulea,SE,2022-04-10 19:11:18,65.5842,22.1547,32.07,86,100,4.61,overcast clouds
85,Kavaratti,IN,2022-04-10 19:11:18,10.5669,72.642,83.8,76,94,10.33,overcast clouds
86,Jamestown,US,2022-04-10 19:07:35,42.097,-79.2353,38.79,47,98,5.01,overcast clouds
87,Dakar,SN,2022-04-10 19:11:19,14.6937,-17.4441,77.88,83,10,17.63,clear sky
88,Feldkirchen,DE,2022-04-10 19:11:19,48.148,11.7434,40.84,84,76,1.01,broken clouds
89,Brae,GB,2022-04-10 19:11:19,60.3964,-1.353,37.18,62,100,6.33,overcast clouds
90,Tasiilaq,GL,2022-04-10 19:11:19,65.6145,-37.6368,26.76,84,86,4.29,overcast clouds
91,Winnemucca,US,2022-04-10 19:11:20,40.973,-117.7357,48.25,21,0,5.75,clear sky
92,Te Anau,NZ,2022-04-10 19:11:20,-45.4167,167.7167,48.87,82,8,7.47,clear sky
93,Carnarvon,AU,2022-04-10 19:11:07,-24.8667,113.6333,64.47,82,0,9.22,clear sky
94,Codrington,AU,2022-04-10 19:12:20,-38.2667,141.9667,58.28,59,98,10.36,overcast clouds
95,Riohacha,CO,2022-04-10 19:12:21,11.5444,-72.9072,86.77,58,95,16.6,overcast clouds
96,Karratha,AU,2022-04-10 19:12:21,-20.7377,116.8463,80.46,38,1,11.23,clear sky
97,Ajaccio,FR,2022-04-10 19:07:38,42.0,8.9167,46.45,66,0,2.3,clear sky
98,Saint-Georges,GD,2022-04-10 19:12:21,12.0564,-61.7485,83.88,74,20,26.46,few clouds
99,Cape Town,ZA,2022-04-10 19:12:22,-33.9258,18.4232,73.9,67,0,7.0,clear sky
100,Vao,NC,2022-04-10 19:12:22,-22.6667,167.4833,77.31,83,97,20.8,overcast clouds
101,Torbay,CA,2022-04-10 19:12:22,47.6666,-52.7314,43.29,89,100,3.0,overcast clouds
102,Broken Hill,AU,2022-04-10 19:12:23,-31.95,141.4333,69.31,52,0,5.86,clear sky
103,Half Moon Bay,US,2022-04-10 19:12:23,37.4636,-122.4286,72.54,46,0,20.71,haze
104,Ixtapa,MX,2022-04-10 19:12:23,20.7,-105.2,79.83,74,20,13.8,few clouds
105,Bud,US,2022-04-10 19:12:24,39.447,-86.1758,63.48,41,100,14.41,overcast clouds
106,Hambantota,LK,2022-04-10 19:12:24,6.1241,81.1185,79.61,79,91,11.7,overcast clouds
107,Constitucion,CL,2022-04-10 19:12:24,-35.3333,-72.4167,58.62,69,63,8.7,broken clouds
108,Dingle,PH,2022-04-10 19:12:25,10.9995,122.6711,72.55,97,100,10.0,moderate rain
109,Wanning,CN,2022-04-10 19:12:25,18.8003,110.3967,71.33,91,29,1.45,scattered clouds
110,Miraflores,MX,2022-04-10 19:12:26,19.2167,-98.8083,75.02,29,100,3.94,overcast clouds
111,Dudinka,RU,2022-04-10 19:10:42,69.4058,86.1778,-17.45,100,98,4.83,overcast clouds
112,Sorland,NO,2022-04-10 19:12:26,67.667,12.6934,37.26,68,79,18.39,broken clouds
113,Nome,US,2022-04-10 19:12:26,64.5011,-165.4064,30.27,86,100,4.61,overcast clouds
114,Anloga,GH,2022-04-10 19:12:27,5.7947,0.8973,82.89,78,94,14.0,overcast clouds
115,Bambous Virieux,MU,2022-04-10 19:12:27,-20.3428,57.7575,77.25,88,75,10.36,light rain
116,Yafran,LY,2022-04-10 19:12:27,32.0633,12.5286,55.18,62,0,11.16,clear sky
117,Sao Filipe,CV,2022-04-10 19:12:27,14.8961,-24.4956,73.62,72,6,16.69,clear sky
118,Lagoa,PT,2022-04-10 19:12:28,39.05,-27.9833,55.76,62,60,31.54,broken clouds
119,Vani,GE,2022-04-10 19:12:28,42.0832,42.5216,58.69,58,0,4.61,clear sky
120,Arona,ES,2022-04-10 19:12:28,28.0996,-16.681,63.12,52,20,11.5,few clouds
121,Nanortalik,GL,2022-04-10 19:12:29,60.1432,-45.2371,32.38,77,100,5.68,overcast clouds
122,Sisimiut,GL,2022-04-10 19:12:29,66.9395,-53.6735,28.69,57,100,2.24,overcast clouds
123,Mount Gambier,AU,2022-04-10 19:12:29,-37.8333,140.7667,54.16,70,100,6.64,overcast clouds
124,Erenhot,CN,2022-04-10 19:12:30,43.6475,111.9767,52.48,14,100,21.45,overcast clouds
125,Tazovskiy,RU,2022-04-10 19:12:30,67.4667,78.7,13.69,96,100,9.82,overcast clouds
126,Alyangula,AU,2022-04-10 19:12:30,-13.8483,136.4192,80.96,72,42,5.35,scattered clouds
127,Port Lincoln,AU,2022-04-10 19:12:31,-34.7333,135.8667,63.23,80,100,13.98,overcast clouds
128,Vostok,RU,2022-04-10 19:12:31,46.4856,135.8833,29.28,95,100,5.14,overcast clouds
129,Girua,BR,2022-04-10 19:12:31,-28.0283,-54.3497,68.95,89,100,1.1,moderate rain
130,Awbari,LY,2022-04-10 19:12:32,26.5921,12.7805,78.82,17,0,12.08,clear sky
131,Shiraz,IR,2022-04-10 19:12:32,29.6036,52.5388,59.9,20,0,5.68,clear sky
132,Lingao,CN,2022-04-10 19:12:32,19.9103,109.6859,70.61,91,5,7.74,clear sky
133,Bulancak,TR,2022-04-10 19:12:33,40.9372,38.2291,57.02,67,0,1.14,clear sky
134,Banda Aceh,ID,2022-04-10 19:12:33,5.5577,95.3222,79.88,81,58,2.15,broken clouds
135,Willowmore,ZA,2022-04-10 19:12:33,-33.2926,23.4895,59.43,76,32,6.73,scattered clouds
136,Huarmey,PE,2022-04-10 19:12:34,-10.0681,-78.1522,73.99,76,54,11.59,broken clouds
137,Guanica,PR,2022-04-10 19:13:34,17.9716,-66.908,85.5,74,99,13.67,overcast clouds
138,Saint-Augustin,CA,2022-04-10 19:13:34,51.226,-58.6502,36.45,100,98,2.33,overcast clouds
139,Grindavik,IS,2022-04-10 19:13:35,63.8424,-22.4338,39.67,75,100,20.71,overcast clouds
140,Longyearbyen,SJ,2022-04-10 19:13:35,78.2186,15.6401,12.04,52,59,23.02,broken clouds
141,Kilindoni,TZ,2022-04-10 19:13:35,-7.9139,39.6668,83.8,71,10,12.73,clear sky
142,Someshwar,IN,2022-04-10 19:13:35,13.5,75.0667,77.34,92,93,2.84,light rain
143,Qaanaaq,GL,2022-04-10 19:13:36,77.484,-69.3632,-1.19,83,23,4.79,few clouds
144,Beatrice,US,2022-04-10 19:13:36,40.2681,-96.747,67.17,26,0,18.41,clear sky
145,Mataura,NZ,2022-04-10 19:13:36,-46.1927,168.8643,39.31,98,6,3.24,clear sky
146,Cidreira,BR,2022-04-10 19:11:15,-30.1811,-50.2056,73.4,85,100,16.51,overcast clouds
147,Mahebourg,MU,2022-04-10 19:13:37,-20.4081,57.7,77.29,88,75,10.36,broken clouds
148,Sulangan,PH,2022-04-10 19:13:37,11.1373,123.7228,77.34,95,100,27.31,heavy intensity rain
149,The Valley,AI,2022-04-10 19:13:37,18.217,-63.0578,84.06,69,20,13.8,few clouds
150,Koboko,UG,2022-04-10 19:13:38,3.4136,30.9599,74.21,46,100,3.15,overcast clouds
151,Komsomolskiy,UZ,2022-04-10 19:13:38,40.4272,71.7189,71.47,41,53,3.56,broken clouds
152,Flinders,AU,2022-04-10 19:13:38,-34.5833,150.8552,62.26,93,32,8.01,scattered clouds
153,Poum,NC,2022-04-10 19:13:39,-20.2333,164.0167,79.3,74,72,11.72,broken clouds
154,Olafsvik,IS,2022-04-10 19:13:39,64.8945,-23.7142,38.8,80,100,14.0,overcast clouds
155,Tulsipur,NP,2022-04-10 19:13:39,28.131,82.2973,74.5,27,0,5.75,clear sky
156,Verkhnyaya Inta,RU,2022-04-10 19:13:39,65.9811,60.3094,32.67,99,95,4.97,overcast clouds
157,Fortuna,US,2022-04-10 19:13:40,40.5982,-124.1573,55.92,63,75,13.8,broken clouds
158,Kropotkin,RU,2022-04-10 19:13:40,45.4375,40.5756,59.32,65,100,9.48,overcast clouds
159,Kolarovo,SK,2022-04-10 19:13:41,47.9229,17.9847,45.1,49,17,8.16,few clouds
160,Havelock,US,2022-04-10 19:13:41,34.8791,-76.9013,60.78,41,0,18.41,clear sky
161,Wairoa,NZ,2022-04-10 19:13:41,-39.0333,177.3667,46.54,96,1,3.0,clear sky
162,Ancud,CL,2022-04-10 19:13:41,-41.8697,-73.8203,54.23,70,95,6.55,overcast clouds
163,Cabo San Lucas,MX,2022-04-10 19:12:49,22.8909,-109.9124,81.05,58,0,12.66,clear sky
164,Palana,RU,2022-04-10 19:13:42,59.1167,159.9667,6.55,97,100,6.42,overcast clouds
165,Goundam,ML,2022-04-10 19:13:42,16.4145,-3.6708,93.69,9,0,8.81,clear sky
166,Souillac,MU,2022-04-10 19:13:42,-20.5167,57.5167,77.38,88,75,10.36,light rain
167,Luwuk,ID,2022-04-10 19:13:43,-0.9516,122.7875,77.65,81,93,5.55,overcast clouds
168,Kizhinga,RU,2022-04-10 19:13:43,51.8462,109.9097,26.35,84,19,7.02,few clouds
169,Elva,EE,2022-04-10 19:13:44,58.2225,26.4211,37.83,81,13,13.8,few clouds
170,Praia Da Vitoria,PT,2022-04-10 19:13:44,38.7333,-27.0667,58.75,63,90,29.28,overcast clouds
171,Riyadh,SA,2022-04-10 19:10:46,24.6877,46.7219,78.94,16,6,10.69,clear sky
172,Roald,NO,2022-04-10 19:13:44,62.5833,6.1333,40.33,60,40,17.27,scattered clouds
173,Bengkulu,ID,2022-04-10 19:13:45,-3.8004,102.2655,75.4,91,76,3.51,broken clouds
174,Ambon,ID,2022-04-10 19:13:45,-3.6954,128.1814,75.34,94,20,3.44,few clouds
175,Rio Grande,BR,2022-04-10 19:13:45,-32.035,-52.0986,78.91,78,28,18.12,scattered clouds
176,Nikolskoye,RU,2022-04-10 19:13:46,59.7035,30.7861,39.79,87,18,9.73,few clouds
177,Kavieng,PG,2022-04-10 19:13:46,-2.5744,150.7967,81.64,78,100,9.98,overcast clouds
178,Falmouth,GB,2022-04-10 19:13:46,50.1544,-5.0711,50.9,78,100,21.59,overcast clouds
179,Klaksvik,FO,2022-04-10 19:13:46,62.2266,-6.589,32.92,64,100,9.46,overcast clouds
180,Yellowknife,CA,2022-04-10 19:13:05,62.456,-114.3525,15.42,75,26,18.01,scattered clouds
181,Airai,TL,2022-04-10 19:13:47,-8.9266,125.4092,57.54,73,84,1.43,broken clouds
182,Monopoli,IT,2022-04-10 19:13:47,40.9559,17.2896,53.08,61,41,30.6,scattered clouds
183,Wajima,JP,2022-04-10 19:13:47,37.4,136.9,57.11,66,100,7.54,overcast clouds
184,Calvinia,ZA,2022-04-10 19:13:48,-31.4707,19.776,69.24,36,90,14.43,overcast clouds
185,Upernavik,GL,2022-04-10 19:14:11,72.7868,-56.1549,6.26,78,100,8.25,overcast clouds
186,Korycany,CZ,2022-04-10 19:14:48,49.1064,17.1643,39.88,63,5,4.97,clear sky
187,Mareeba,AU,2022-04-10 19:14:49,-17.0,145.4333,74.44,93,92,2.89,overcast clouds
188,Saint George,US,2022-04-10 19:12:50,37.1041,-113.5841,63.79,12,0,5.01,clear sky
189,Forio,IT,2022-04-10 19:14:49,40.7342,13.8646,57.42,60,5,5.99,clear sky
190,Anadyr,RU,2022-04-10 19:14:50,64.75,177.4833,19.49,92,100,7.2,overcast clouds
191,Khor,RU,2022-04-10 19:14:50,47.8861,134.9464,37.0,90,23,2.86,few clouds
192,Alice Springs,AU,2022-04-10 19:14:50,-23.7,133.8833,69.22,32,39,4.61,scattered clouds
193,Thompson,CA,2022-04-10 19:13:11,55.7435,-97.8558,35.76,87,75,17.27,broken clouds
194,Vaitape,PF,2022-04-10 19:14:51,-16.5167,-151.75,82.62,72,6,16.26,clear sky
195,El Dorado,US,2022-04-10 19:14:51,38.7666,-120.5177,62.62,35,13,1.99,few clouds
196,Azusa,US,2022-04-10 19:14:51,34.1336,-117.9076,76.48,64,100,8.05,overcast clouds
197,Lavrentiya,RU,2022-04-10 19:14:52,65.5833,-171.0,22.44,98,78,6.73,broken clouds
198,San Cristobal,VE,2022-04-10 19:14:52,7.7669,-72.225,78.98,39,100,7.36,overcast clouds
199,Malakal,SS,2022-04-10 19:14:52,9.5334,31.6605,90.88,32,48,0.96,scattered clouds
200,Makakilo City,US,2022-04-10 19:14:52,21.3469,-158.0858,77.32,62,100,14.97,overcast clouds
201,Kazachinskoye,RU,2022-04-10 19:14:53,57.6953,93.2761,24.76,89,97,8.72,overcast clouds
202,Pennagaram,IN,2022-04-10 19:14:53,12.1333,77.9,78.49,65,100,1.81,overcast clouds
203,Sakakah,SA,2022-04-10 19:14:53,29.9697,40.2064,73.44,17,65,8.72,broken clouds
204,Pedernales,DO,2022-04-10 19:14:54,18.0384,-71.744,82.96,63,100,3.24,overcast clouds
205,Luderitz,NA,2022-04-10 19:14:54,-26.6481,15.1594,70.43,56,0,11.45,clear sky
206,Puerto Concordia,CO,2022-04-10 19:14:54,2.6221,-72.7572,80.02,86,100,3.15,overcast clouds
207,Sao Joao Da Barra,BR,2022-04-10 19:14:55,-21.6403,-41.0511,84.29,75,26,12.82,scattered clouds
208,Zyryanka,RU,2022-04-10 19:14:55,65.75,150.85,-7.15,100,98,2.01,overcast clouds
209,Iqaluit,CA,2022-04-10 19:14:56,63.7506,-68.5145,27.7,79,100,4.0,overcast clouds
210,Camacha,PT,2022-04-10 19:14:56,33.0833,-16.3333,62.02,72,40,19.57,scattered clouds
211,Wajir,KE,2022-04-10 19:14:56,1.7471,40.0573,85.93,49,15,15.08,few clouds
212,Mandera,KE,2022-04-10 19:14:57,3.9366,41.867,93.18,29,76,4.38,broken clouds
213,Husavik,IS,2022-04-10 19:14:57,66.0449,-17.3389,32.47,82,100,4.29,overcast clouds
214,Chilliwack,CA,2022-04-10 19:14:57,49.1747,-121.9443,51.19,49,100,9.22,overcast clouds
215,Hithadhoo,MV,2022-04-10 19:14:57,-0.6,73.0833,83.84,72,28,9.8,scattered clouds
216,Castro,BR,2022-04-10 19:14:58,-24.7911,-50.0119,77.45,48,7,2.08,clear sky
217,Touros,BR,2022-04-10 19:14:58,-5.1989,-35.4608,83.88,68,100,12.46,overcast clouds
218,Meulaboh,ID,2022-04-10 19:14:58,4.1363,96.1285,77.79,86,100,1.28,overcast clouds
219,Lebu,CL,2022-04-10 19:14:59,-37.6167,-73.65,54.43,77,56,15.75,broken clouds
220,Ambilobe,MG,2022-04-10 19:14:59,-13.2,49.05,74.53,94,15,2.66,few clouds
221,Green River,US,2022-04-10 19:11:26,41.5286,-109.4662,37.18,21,89,25.52,overcast clouds
222,Nemuro,JP,2022-04-10 19:15:00,43.3236,145.575,37.11,91,100,8.03,overcast clouds
223,Labuhan,ID,2022-04-10 19:15:00,-6.8844,112.2051,77.49,86,8,6.33,clear sky
224,Marshall,US,2022-04-10 19:12:55,34.3834,-86.3333,75.25,36,0,10.36,clear sky
225,Sambava,MG,2022-04-10 19:15:00,-14.2667,50.1667,76.1,90,49,9.98,scattered clouds
226,Karlstad,SE,2022-04-10 19:15:01,59.3793,13.5036,45.16,39,100,8.05,overcast clouds
227,Alaca,TR,2022-04-10 19:15:01,40.1683,34.8425,53.38,68,15,5.19,few clouds
228,Amapa,BR,2022-04-10 19:15:01,1.0,-52.0,75.24,98,100,3.53,light rain
229,San Quintin,MX,2022-04-10 19:10:32,30.4833,-115.95,65.26,64,0,10.89,clear sky
230,Sukhumi,GE,2022-04-10 19:15:02,43.0033,41.0153,62.24,57,99,6.71,overcast clouds
231,Gombong,ID,2022-04-10 19:16:02,-7.6072,109.5142,75.52,92,97,2.84,overcast clouds
232,Mbandaka,CD,2022-04-10 19:16:02,0.0487,18.2603,74.68,89,100,3.87,light rain
233,Sivaki,RU,2022-04-10 19:16:03,52.6333,126.75,26.22,95,100,13.31,light snow
234,Vega De Alatorre,MX,2022-04-10 19:13:09,20.0333,-96.6333,81.45,58,86,17.02,overcast clouds
235,Port Hedland,AU,2022-04-10 19:16:03,-20.3167,118.5667,77.05,94,3,8.05,clear sky
236,High Level,CA,2022-04-10 19:16:03,58.5169,-117.136,26.71,63,75,17.27,broken clouds
237,Araguacu,BR,2022-04-10 19:16:04,-12.9306,-49.8264,91.15,48,6,0.74,clear sky
238,Kenai,US,2022-04-10 19:16:04,60.5544,-151.2583,36.03,47,0,9.22,clear sky
239,Marathon,US,2022-04-10 19:16:04,44.9,-89.7668,56.95,32,0,19.57,clear sky
240,Viedma,AR,2022-04-10 19:16:05,-40.8135,-62.9967,66.07,40,100,11.14,overcast clouds
241,Palamos,ES,2022-04-10 19:16:05,41.8484,3.1291,55.99,60,38,3.0,scattered clouds
242,Rurrenabaque,BO,2022-04-10 19:16:06,-14.4413,-67.5278,93.09,62,40,0.0,scattered clouds
243,San Pedro,PH,2022-04-10 19:16:06,14.35,121.0167,79.83,84,75,2.3,broken clouds
244,Porto Novo,BJ,2022-04-10 19:16:06,6.4965,2.6036,84.02,80,100,11.03,overcast clouds
245,Sao Geraldo Do Araguaia,BR,2022-04-10 19:16:06,-6.4006,-48.555,81.48,88,100,0.4,overcast clouds
246,Tuy Hoa,VN,2022-04-10 19:16:07,13.0833,109.3,72.54,93,79,4.14,broken clouds
247,San Patricio,US,2022-04-10 19:16:07,28.017,-97.5169,88.16,55,94,26.71,overcast clouds
248,Vredendal,ZA,2022-04-10 19:16:07,-31.6683,18.5012,75.67,31,0,8.9,clear sky
249,Coihaique,CL,2022-04-10 19:16:02,-45.5752,-72.0662,59.61,81,90,7.43,overcast clouds
250,Provideniya,RU,2022-04-10 19:16:08,64.3833,-173.3,23.54,99,94,6.08,overcast clouds
251,Mehamn,NO,2022-04-10 19:16:08,71.0357,27.8492,37.35,81,0,14.97,clear sky
252,Usinsk,RU,2022-04-10 19:16:08,65.9939,57.5281,36.45,100,100,14.58,overcast clouds
253,Coahuayana,MX,2022-04-10 19:16:09,18.7333,-103.6833,91.81,38,100,7.96,overcast clouds
254,Hobyo,SO,2022-04-10 19:14:02,5.3505,48.5268,82.51,73,6,13.15,clear sky
255,Razole,IN,2022-04-10 19:16:09,16.4833,81.8333,78.62,90,100,2.04,overcast clouds
256,Aklavik,CA,2022-04-10 19:16:10,68.2191,-135.0107,6.8,66,0,3.44,clear sky
257,Pevek,RU,2022-04-10 19:16:10,69.7008,170.3133,-24.14,100,38,4.25,scattered clouds
258,Margate,GB,2022-04-10 19:16:10,51.3813,1.3862,47.1,73,100,3.0,overcast clouds
259,Tonantins,BR,2022-04-10 19:11:15,-2.8731,-67.8022,85.08,76,100,3.18,overcast clouds
260,Mount Isa,AU,2022-04-10 19:16:11,-20.7333,139.5,83.97,30,85,8.05,overcast clouds
261,Port Pirie,AU,2022-04-10 19:16:11,-33.1833,138.0167,66.29,73,8,8.21,clear sky
262,Nisia Floresta,BR,2022-04-10 19:16:11,-6.0911,-35.2086,86.81,70,75,10.56,broken clouds
263,Ilulissat,GL,2022-04-10 19:16:12,69.2167,-51.1,23.02,54,75,4.61,broken clouds
264,Matay,EG,2022-04-10 19:16:12,28.419,30.7792,77.49,22,74,8.23,broken clouds
265,Acarau,BR,2022-04-10 19:16:12,-2.8856,-40.12,80.71,81,84,9.24,moderate rain
266,Chokurdakh,RU,2022-04-10 19:16:12,70.6333,147.9167,-21.5,100,100,1.57,overcast clouds
267,Salalah,OM,2022-04-10 19:14:04,17.0151,54.0924,82.49,83,0,3.44,clear sky
268,Pangnirtung,CA,2022-04-10 19:16:13,66.1451,-65.7125,19.4,68,75,6.91,broken clouds
269,Hamilton,US,2022-04-10 19:16:13,39.1834,-84.5333,63.21,39,0,12.66,clear sky
270,Coquimbo,CL,2022-04-10 19:16:14,-29.9533,-71.3436,62.33,72,20,9.22,few clouds
271,Kokopo,PG,2022-04-10 19:16:14,-4.352,152.2633,77.52,80,12,3.0,few clouds
272,Grande Prairie,CA,2022-04-10 19:16:14,55.1667,-118.8027,35.78,35,20,14.97,few clouds
273,Nortelandia,BR,2022-04-10 19:16:14,-14.4547,-56.8028,90.64,52,69,2.75,broken clouds
274,Lima,PE,2022-04-10 19:16:15,-12.0432,-77.0282,73.38,74,0,5.75,clear sky
275,Lorengau,PG,2022-04-10 19:17:15,-2.0226,147.2712,80.74,81,62,9.46,broken clouds
276,Honiara,SB,2022-04-10 19:17:15,-9.4333,159.95,76.8,86,51,3.56,broken clouds
277,Lat Yao,TH,2022-04-10 19:17:16,15.751,99.7893,84.85,49,22,4.88,few clouds
278,Korla,CN,2022-04-10 19:17:16,41.7597,86.1469,60.49,38,79,3.8,broken clouds
279,Lompoc,US,2022-04-10 19:17:16,34.6391,-120.4579,78.69,52,0,20.0,clear sky
280,Yumen,CN,2022-04-10 19:17:17,40.2833,97.2,43.54,53,100,15.5,overcast clouds
281,Vardo,NO,2022-04-10 19:17:17,70.3705,31.1107,37.38,87,75,26.46,broken clouds
282,Aden,YE,2022-04-10 19:17:17,12.7794,45.0367,82.8,66,0,15.46,clear sky
283,Arlit,NE,2022-04-10 19:17:17,18.7369,7.3853,91.74,6,0,4.16,clear sky
284,Biltine,TD,2022-04-10 19:17:18,14.5333,20.9167,90.82,10,46,1.3,scattered clouds
285,Petropavlovsk-Kamchatskiy,RU,2022-04-10 19:17:18,53.0452,158.6483,25.39,63,75,13.42,broken clouds
286,Sistranda,NO,2022-04-10 19:17:18,63.7256,8.834,39.16,76,100,33.76,overcast clouds
287,Priiskovyy,RU,2022-04-10 19:17:19,51.9333,116.6333,27.63,79,68,2.57,broken clouds
288,Kitale,KE,2022-04-10 19:17:19,1.0157,35.0062,62.26,57,63,1.23,broken clouds
289,Cherskiy,RU,2022-04-10 19:17:19,68.75,161.3,-15.29,98,100,3.65,overcast clouds
290,Camiri,BO,2022-04-10 19:17:20,-20.05,-63.5167,94.78,31,40,9.22,scattered clouds
291,Faya,SA,2022-04-10 19:17:20,18.3851,42.4509,66.31,42,0,2.82,clear sky
292,Alabaster,US,2022-04-10 19:16:09,33.2443,-86.8164,77.88,29,0,11.5,clear sky
293,Gulu,UG,2022-04-10 19:17:20,2.7746,32.299,74.14,51,100,2.73,overcast clouds
294,Caravelas,BR,2022-04-10 19:17:21,-17.7125,-39.2481,83.34,67,11,8.01,few clouds
295,Shache,CN,2022-04-10 19:17:21,38.4167,77.2406,69.28,18,41,0.89,scattered clouds
296,Lata,PT,2022-04-10 19:17:21,40.1629,-8.3327,63.91,60,100,6.13,overcast clouds
297,Rawson,AR,2022-04-10 19:17:22,-43.3002,-65.1023,61.07,52,14,23.96,few clouds
298,Harlingen,US,2022-04-10 19:12:34,26.1906,-97.6961,85.96,48,20,32.21,few clouds
299,Hanmer Springs,NZ,2022-04-10 19:17:22,-42.5167,172.8167,46.71,75,0,7.94,clear sky
300,Dubuque,US,2022-04-10 19:14:00,42.4833,-90.8668,59.63,37,0,26.46,clear sky
301,Victoria,HK,2022-04-10 19:15:39,22.2855,114.1577,74.32,87,14,5.01,few clouds
302,Fairbanks,US,2022-04-10 19:16:55,64.8378,-147.7164,17.6,64,100,1.99,light snow
303,Broome,US,2022-04-10 19:17:23,42.2506,-75.833,41.63,66,100,16.11,overcast clouds
304,Whithorn,JM,2022-04-10 19:17:23,18.2604,-78.0378,79.86,70,92,7.07,overcast clouds
305,Haines Junction,CA,2022-04-10 19:17:23,60.7522,-137.5108,24.75,28,82,13.8,broken clouds
306,Mutis,CO,2022-04-10 19:17:24,6.2262,-77.4044,82.49,79,73,2.48,light rain
307,Nouadhibou,MR,2022-04-10 19:17:24,20.931,-17.0347,66.18,77,79,24.16,sand
308,Tabuk,PH,2022-04-10 19:17:24,17.4189,121.4443,71.87,89,95,2.28,overcast clouds
309,Lewistown,US,2022-04-10 19:13:55,40.5992,-77.5714,46.54,53,75,13.8,broken clouds
310,Tabanan,ID,2022-04-10 19:17:25,-8.5413,115.1252,77.4,89,25,3.69,scattered clouds
311,Geraldton,AU,2022-04-10 19:17:25,-28.7667,114.6,61.21,88,75,3.44,broken clouds
312,Tendo,JP,2022-04-10 19:17:25,38.3536,140.3697,54.03,64,0,3.22,clear sky
313,Novikovo,RU,2022-04-10 19:17:26,51.1537,37.8879,53.8,75,100,3.98,overcast clouds
314,Jackson,US,2022-04-10 19:12:27,42.4165,-122.8345,52.75,56,100,8.05,overcast clouds
315,Tilichiki,RU,2022-04-10 19:17:26,60.4667,166.1,7.3,95,100,9.69,overcast clouds
316,Takoradi,GH,2022-04-10 19:17:26,4.8845,-1.7554,82.2,80,16,8.99,few clouds
317,Uige,AO,2022-04-10 19:17:27,-7.6087,15.0613,68.2,93,90,2.73,light rain
318,Gimli,CA,2022-04-10 19:17:27,50.6336,-96.9907,46.42,49,100,9.22,overcast clouds
319,Sakaraha,MG,2022-04-10 19:17:27,-22.9,44.5333,74.75,57,36,8.86,scattered clouds
320,Ati,TD,2022-04-10 19:18:28,13.2154,18.3353,91.08,14,98,6.11,overcast clouds
321,Katangli,RU,2022-04-10 19:18:28,51.7102,143.2326,26.96,80,100,15.84,overcast clouds
322,Zhangye,CN,2022-04-10 19:18:28,38.9342,100.4517,48.45,25,100,12.73,overcast clouds
323,Iralaya,HN,2022-04-10 19:18:29,15.0,-83.2333,81.07,77,100,14.76,overcast clouds
324,Yelizovo,RU,2022-04-10 19:18:29,53.1873,158.3805,26.74,63,75,13.42,broken clouds
325,Narsaq,GL,2022-04-10 19:15:58,60.9167,-46.05,39.42,42,100,1.97,overcast clouds
326,Gazli,UZ,2022-04-10 19:18:29,40.1333,63.45,78.22,26,100,17.09,overcast clouds
327,Mogadishu,SO,2022-04-10 19:15:30,2.0371,45.3438,81.75,74,37,14.14,scattered clouds
328,Tura,IN,2022-04-10 19:18:30,25.5198,90.2201,69.55,93,1,4.16,clear sky
329,Fillan,NO,2022-04-10 19:18:30,63.6064,8.9696,38.64,75,100,29.59,overcast clouds
330,Harper,LR,2022-04-10 19:18:30,4.375,-7.7169,82.22,81,51,9.4,broken clouds
331,Terrace,CA,2022-04-10 19:18:31,54.5163,-128.6035,40.91,65,75,6.91,broken clouds
332,Constantine,DZ,2022-04-10 19:18:31,36.365,6.6147,54.81,71,0,4.61,clear sky
333,Labytnangi,RU,2022-04-10 19:18:31,66.6572,66.4183,33.58,99,100,7.45,overcast clouds
334,Chara,RU,2022-04-10 19:18:32,56.9064,118.2631,8.74,83,99,2.57,overcast clouds
335,Khandyga,RU,2022-04-10 19:18:32,62.6667,135.6,4.41,95,100,3.51,overcast clouds
336,Ongandjera,NA,2022-04-10 19:18:32,-17.8833,15.0667,81.18,33,0,7.02,clear sky
337,Tuatapere,NZ,2022-04-10 19:18:33,-46.1333,167.6833,44.96,89,1,7.05,clear sky
338,Korhogo,CI,2022-04-10 19:18:33,9.45,-5.6333,85.55,46,96,9.55,light rain
339,Kiama,AU,2022-04-10 19:18:09,-34.6833,150.8667,64.0,94,16,5.1,few clouds
340,Yeppoon,AU,2022-04-10 19:18:34,-23.1333,150.7333,69.58,87,71,13.76,broken clouds
341,Grand-Lahou,CI,2022-04-10 19:18:34,5.1367,-5.0242,81.79,83,41,10.67,scattered clouds
342,Alofi,NU,2022-04-10 19:18:34,-19.0595,-169.9187,80.49,89,95,1.14,overcast clouds
343,Suzhou,CN,2022-04-10 19:17:08,31.3114,120.6181,62.37,81,0,6.17,clear sky
344,Nieuw Amsterdam,SR,2022-04-10 19:18:35,5.8833,-55.0833,85.01,74,40,16.11,light rain
345,Cam Ranh,VN,2022-04-10 19:18:35,11.9214,109.1591,75.16,88,20,2.3,few clouds
346,Hofn,IS,2022-04-10 19:18:35,64.2539,-15.2082,35.78,69,100,1.99,overcast clouds
347,Vila Franca Do Campo,PT,2022-04-10 19:18:36,37.7167,-25.4333,57.61,65,46,22.32,scattered clouds
348,Mildura,AU,2022-04-10 19:15:03,-34.2,142.15,62.08,68,10,9.17,clear sky
349,Gat,IL,2022-04-10 19:18:36,31.61,34.7642,68.4,77,45,5.08,scattered clouds
350,Grootfontein,NA,2022-04-10 19:18:37,-19.5667,18.1167,65.77,77,30,3.44,scattered clouds
351,Lethem,GY,2022-04-10 19:18:37,3.3803,-59.7968,89.92,47,98,9.44,overcast clouds
352,Esso,RU,2022-04-10 19:18:37,55.9333,158.7,11.88,94,100,2.04,overcast clouds
353,Kununurra,AU,2022-04-10 19:17:29,-15.7667,128.7333,66.18,88,8,0.0,clear sky
354,Mamallapuram,IN,2022-04-10 19:18:38,12.6264,80.1722,86.05,80,100,7.16,overcast clouds
355,Kamaishi,JP,2022-04-10 19:18:38,39.2667,141.8833,53.42,64,0,8.25,clear sky
356,Prainha,BR,2022-04-10 19:18:38,-1.8,-53.48,80.37,86,99,3.85,overcast clouds
357,Thinadhoo,MV,2022-04-10 19:18:39,0.5333,72.9333,84.18,66,10,9.46,clear sky
358,San Carlos De Bariloche,AR,2022-04-10 19:18:39,-41.1456,-71.3082,51.55,46,40,12.66,scattered clouds
359,Batagay-Alyta,RU,2022-04-10 19:19:39,67.8006,130.4114,-14.35,88,17,5.99,few clouds
360,Saskylakh,RU,2022-04-10 19:19:40,71.9167,114.0833,-17.66,100,13,2.95,few clouds
361,Versmold,DE,2022-04-10 19:19:40,52.05,8.15,43.75,63,29,4.29,scattered clouds
362,Menongue,AO,2022-04-10 19:19:40,-14.6585,17.691,65.01,86,100,6.06,overcast clouds
363,Webb City,US,2022-04-10 19:19:08,37.1465,-94.463,78.93,39,0,24.16,clear sky
364,Port Macquarie,AU,2022-04-10 19:19:41,-31.4333,152.9167,59.9,91,14,4.45,few clouds
365,Itarema,BR,2022-04-10 19:19:41,-2.9248,-39.9167,81.18,79,94,7.85,overcast clouds
366,Tadine,NC,2022-04-10 19:19:41,-21.55,167.8833,77.79,84,28,10.47,scattered clouds
367,Bathsheba,BB,2022-04-10 19:19:41,13.2167,-59.5167,84.81,70,40,20.71,scattered clouds
368,Inhambane,MZ,2022-04-10 19:19:42,-23.865,35.3833,74.82,89,100,12.57,moderate rain
369,Bilibino,RU,2022-04-10 19:19:42,68.0546,166.4372,-17.36,99,100,1.48,overcast clouds
370,Buala,SB,2022-04-10 19:19:42,-8.145,159.5921,79.29,80,91,2.51,overcast clouds
371,Cascais,PT,2022-04-10 19:19:43,38.6979,-9.4215,62.94,75,75,15.99,broken clouds
372,Mezen,RU,2022-04-10 19:19:43,65.8522,44.24,37.81,96,100,11.68,overcast clouds
373,Marsh Harbour,BS,2022-04-10 19:19:43,26.5412,-77.0636,69.85,55,2,14.23,clear sky
374,Goshen,US,2022-04-10 19:19:03,41.5823,-85.8344,60.73,38,0,13.8,clear sky
375,Ossora,RU,2022-04-10 19:19:44,59.2353,163.0719,13.86,82,100,7.31,overcast clouds
376,Kahului,US,2022-04-10 19:19:44,20.8947,-156.47,80.96,71,20,14.97,few clouds
377,San Alberto,CO,2022-04-10 19:19:44,7.7611,-73.3922,86.4,72,100,3.74,overcast clouds
378,Sur,OM,2022-04-10 19:19:45,22.5667,59.5289,87.76,36,58,8.66,broken clouds
379,Ponta Do Sol,PT,2022-04-10 19:19:45,32.6667,-17.1,66.0,72,1,12.24,clear sky
380,Verkhniy Fiagdon,RU,2022-04-10 19:19:45,42.8333,44.3053,42.67,63,100,6.67,overcast clouds
381,Mahon,ES,2022-04-10 19:19:46,39.8885,4.2658,55.96,62,0,6.91,clear sky
382,Baker City,US,2022-04-10 19:19:46,44.7749,-117.8344,37.11,61,40,3.44,scattered clouds
383,Yulara,AU,2022-04-10 19:19:46,-25.2406,130.9889,58.84,29,0,6.91,clear sky
384,Sitka,US,2022-04-10 19:19:47,57.0531,-135.33,42.69,65,0,0.0,clear sky
385,Aswan,EG,2022-04-10 19:19:47,24.0934,32.907,90.72,9,0,9.48,clear sky
386,Vadso,NO,2022-04-10 19:19:47,70.0744,29.7487,35.76,87,100,34.52,overcast clouds
387,Berezovyy,RU,2022-04-10 19:19:47,51.6667,135.7,26.2,97,100,5.19,snow
388,Ostrovnoy,RU,2022-04-10 19:19:48,68.0531,39.5131,33.75,92,100,19.64,overcast clouds
389,Hovd,MN,2022-04-10 19:19:48,48.0056,91.6419,27.84,37,11,4.27,few clouds
390,Manicore,BR,2022-04-10 19:19:49,-5.8092,-61.3003,81.23,93,98,3.85,overcast clouds
391,Payakumbuh,ID,2022-04-10 19:19:49,-0.2202,100.6308,69.62,97,100,2.82,overcast clouds
392,Aginskoye,RU,2022-04-10 19:19:49,51.1,114.53,22.1,92,82,5.21,broken clouds
393,Rocha,UY,2022-04-10 19:19:50,-34.4833,-54.3333,77.18,55,0,16.91,clear sky
394,Namanga,KE,2022-04-10 19:19:50,-2.5433,36.7905,69.04,55,100,6.58,overcast clouds
395,Cuamba,MZ,2022-04-10 19:19:50,-14.8031,36.5372,66.85,87,0,2.93,clear sky
396,Naze,JP,2022-04-10 19:19:51,28.3667,129.4833,67.12,93,89,11.5,overcast clouds
397,Esperance,AU,2022-04-10 19:19:51,-33.8667,121.9,61.25,86,54,15.05,broken clouds
398,Les Cayes,HT,2022-04-10 19:19:51,18.2,-73.75,81.66,68,80,8.3,broken clouds
399,Neryungri,RU,2022-04-10 19:19:52,56.6709,124.6491,0.99,98,100,4.0,overcast clouds
400,Naryan-Mar,RU,2022-04-10 19:19:52,67.6713,53.087,35.85,100,100,15.23,overcast clouds
401,Ishinomaki,JP,2022-04-10 19:19:52,38.4167,141.3,53.1,74,0,3.47,clear sky
402,Songadh,IN,2022-04-10 19:19:53,21.1667,73.5667,80.65,56,3,6.42,clear sky
403,Progreso,MX,2022-04-10 19:19:53,21.2833,-89.6667,90.1,46,9,17.43,clear sky
404,Nsanje,MW,2022-04-10 19:19:53,-16.92,35.262,70.75,96,16,5.23,few clouds
405,Muroto,JP,2022-04-10 19:20:54,33.2833,134.15,62.76,76,100,3.87,overcast clouds
406,Nador,MA,2022-04-10 19:17:42,35.174,-2.9287,61.05,82,0,2.3,clear sky
407,Krasnoarmeysk,RU,2022-04-10 19:20:54,51.0239,45.6969,52.25,77,100,6.04,overcast clouds
408,Antigonish,CA,2022-04-10 19:20:54,45.6169,-61.9986,42.15,98,100,4.79,overcast clouds
409,Galle,LK,2022-04-10 19:20:55,6.0367,80.217,80.64,79,83,8.66,broken clouds
410,Itamaraca,BR,2022-04-10 19:20:55,-7.7478,-34.8256,84.25,71,70,11.14,broken clouds
411,Otane,NZ,2022-04-10 19:20:55,-39.8833,176.6333,46.0,90,0,2.15,clear sky
412,Sept-Iles,CA,2022-04-10 19:20:56,50.2001,-66.3821,43.32,65,75,8.05,broken clouds
413,Riacho De Santana,BR,2022-04-10 19:20:56,-13.6092,-42.9389,96.55,20,5,5.99,clear sky
414,Sakaiminato,JP,2022-04-10 19:20:56,35.55,133.2333,55.38,88,75,6.91,broken clouds
415,Viljoenskroon,ZA,2022-04-10 19:20:57,-27.2084,26.9485,55.06,92,100,11.23,light rain
416,Beisfjord,NO,2022-04-10 19:20:57,68.3751,17.5988,35.65,88,54,8.39,broken clouds
417,Vilcun,CL,2022-04-10 19:20:57,-38.65,-72.2333,48.94,94,100,0.89,overcast clouds
418,Tra Vinh,VN,2022-04-10 19:20:58,9.9347,106.3453,76.42,90,40,5.08,scattered clouds
419,Corralillo,CU,2022-04-10 19:20:58,22.9819,-80.5856,78.21,48,5,15.21,clear sky
420,Lazaro Cardenas,MX,2022-04-10 19:20:58,17.9583,-102.2,84.22,58,100,10.04,overcast clouds
421,Chicama,PE,2022-04-10 19:20:59,-7.8447,-79.1469,79.57,61,56,12.03,broken clouds
422,Baghdad,IQ,2022-04-10 19:20:59,33.3406,44.4009,71.51,28,0,5.75,clear sky
423,Dharchula,IN,2022-04-10 19:20:59,29.85,80.5333,65.08,28,0,8.43,clear sky
424,Cumana,VE,2022-04-10 19:20:59,10.4635,-64.1775,82.6,70,95,9.84,overcast clouds
425,Marseille,FR,2022-04-10 19:19:37,43.3333,5.5,52.86,42,76,4.85,broken clouds
426,Bitung,ID,2022-04-10 19:21:00,1.4451,125.1824,76.05,83,100,5.77,overcast clouds
427,Pacific Grove,US,2022-04-10 19:18:31,36.6177,-121.9166,70.56,62,0,14.0,clear sky
428,Pullman,US,2022-04-10 19:21:00,46.7313,-117.1796,39.24,86,100,15.01,moderate rain
429,Chojnice,PL,2022-04-10 19:21:01,53.6955,17.557,37.22,70,40,7.23,scattered clouds
430,Lashio,MM,2022-04-10 19:21:01,22.9333,97.75,66.38,61,0,1.03,clear sky
431,Pires Do Rio,BR,2022-04-10 19:21:01,-17.2997,-48.2794,84.94,50,30,0.49,scattered clouds
432,Port-Cartier,CA,2022-04-10 19:21:01,50.0334,-66.8654,43.02,99,100,4.27,overcast clouds
433,Santa Cruz,BO,2022-04-10 19:21:02,-17.8,-63.1667,90.86,55,40,26.46,scattered clouds
434,La Rioja,ES,2022-04-10 19:21:02,42.25,-2.5,55.18,66,6,7.14,clear sky
435,Palasa,IN,2022-04-10 19:21:02,18.7667,84.4167,77.67,89,15,9.13,few clouds
436,Pointe Michel,DM,2022-04-10 19:21:03,15.25,-61.3833,86.94,51,20,12.66,few clouds
437,Pisco,PE,2022-04-10 19:21:03,-13.7,-76.2167,75.25,64,0,9.22,clear sky
438,Aguada De Pasajeros,CU,2022-04-10 19:21:03,22.385,-80.8508,87.93,27,24,12.28,few clouds
439,Auki,SB,2022-04-10 19:21:04,-8.7676,160.7034,76.51,89,95,3.98,overcast clouds
440,Monze,ZM,2022-04-10 19:21:04,-16.2833,27.4833,63.93,91,100,4.72,overcast clouds
441,Buritis,BR,2022-04-10 19:21:04,-15.6178,-46.4233,94.21,29,14,3.47,few clouds
442,Nishihara,JP,2022-04-10 19:21:05,26.1842,127.7558,72.68,97,75,9.22,mist
443,Ulladulla,AU,2022-04-10 19:21:05,-35.35,150.4667,58.77,80,8,4.29,clear sky
444,Santiago,CL,2022-04-10 19:18:17,-33.4569,-70.6483,75.29,38,0,8.05,clear sky
445,Gwadar,PK,2022-04-10 19:21:05,25.1216,62.3254,81.3,68,100,12.15,overcast clouds
446,Iskateley,RU,2022-04-10 19:21:06,67.6803,53.1512,35.74,100,100,15.14,overcast clouds
447,Nuristan,AF,2022-04-10 19:21:06,35.3,70.8333,38.17,46,97,8.21,overcast clouds
448,Nantucket,US,2022-04-10 19:21:06,41.2835,-70.0995,55.54,54,0,23.02,clear sky
449,Tarauaca,BR,2022-04-10 19:21:07,-8.1614,-70.7656,79.09,86,100,4.97,overcast clouds
450,Bousse,BF,2022-04-10 19:21:07,12.6606,-1.8922,96.84,21,93,2.42,overcast clouds
451,Cayenne,GF,2022-04-10 19:17:27,4.9333,-52.3333,81.09,28,72,10.36,broken clouds
452,Rochegda,RU,2022-04-10 19:22:07,62.8,43.25,34.32,96,48,5.61,scattered clouds
453,Puerto Carreno,CO,2022-04-10 19:22:08,6.189,-67.4859,96.42,37,100,2.33,overcast clouds
454,Necochea,AR,2022-04-10 19:18:37,-38.5473,-58.7368,72.16,64,100,3.47,overcast clouds
455,Ucluelet,CA,2022-04-10 19:18:16,48.9329,-125.5528,43.11,85,75,2.77,broken clouds
456,Fort Wellington,GY,2022-04-10 19:22:08,6.4,-57.6,81.93,74,98,10.8,overcast clouds
457,Anupgarh,IN,2022-04-10 19:22:08,29.1911,73.2086,92.91,9,100,11.72,overcast clouds
458,San Juan,AR,2022-04-10 19:18:05,-31.5375,-68.5364,69.1,40,0,17.2,clear sky
459,Hualmay,PE,2022-04-10 19:22:09,-11.0964,-77.6139,73.08,75,23,9.8,few clouds
460,Oloron-Sainte-Marie,FR,2022-04-10 19:19:17,43.1944,-0.6107,60.37,71,100,5.35,overcast clouds
461,San Joaquin,US,2022-04-10 19:22:09,37.9333,-121.3011,72.86,19,0,21.85,clear sky
462,Luebo,CD,2022-04-10 19:22:10,-5.35,21.4167,73.17,88,73,3.0,broken clouds
463,Novyy Urgal,RU,2022-04-10 19:22:10,51.0736,132.5642,28.85,98,100,2.98,snow
464,Bilma,NE,2022-04-10 19:22:10,18.6853,12.9164,91.26,5,0,4.16,clear sky
465,Cap Malheureux,MU,2022-04-10 19:22:10,-19.9842,57.6142,75.47,87,16,3.0,few clouds
466,Terra Santa,BR,2022-04-10 19:22:11,-2.1042,-56.4869,77.61,91,97,3.44,overcast clouds
467,Mazatlan,MX,2022-04-10 19:19:58,23.2167,-106.4167,80.56,77,0,8.01,clear sky
468,Murgab,TM,2022-04-10 19:22:11,37.4966,61.9714,71.47,40,75,13.8,broken clouds
469,Cockburn Town,TC,2022-04-10 19:21:34,21.4612,-71.1419,82.36,61,40,13.8,scattered clouds
470,Bingol,TR,2022-04-10 19:22:12,38.8847,40.4939,48.02,79,45,2.53,scattered clouds
471,Upata,VE,2022-04-10 19:22:12,8.0086,-62.3989,93.67,34,100,10.25,overcast clouds
472,Vurnary,RU,2022-04-10 19:22:12,55.4904,46.9648,40.64,98,100,8.86,overcast clouds
473,Lagos,NG,2022-04-10 19:17:27,6.5833,3.75,82.72,83,27,6.98,scattered clouds
474,Evensk,RU,2022-04-10 19:22:13,61.95,159.2333,4.62,77,100,11.14,overcast clouds
475,La Ronge,CA,2022-04-10 19:20:59,55.1001,-105.2842,25.05,54,100,17.27,overcast clouds
476,Maceio,BR,2022-04-10 19:22:13,-9.6658,-35.7353,85.44,61,20,10.36,few clouds
477,Christchurch,NZ,2022-04-10 19:22:13,-43.5333,172.6333,55.94,91,20,3.44,few clouds
478,Masindi,UG,2022-04-10 19:22:14,1.6744,31.715,73.49,55,100,1.95,overcast clouds
479,Tamandare,BR,2022-04-10 19:22:14,-8.7597,-35.1047,82.47,70,45,8.79,scattered clouds
480,Hay River,CA,2022-04-10 19:22:14,60.8156,-115.7999,13.98,73,75,24.16,light snow
481,Livramento,BR,2022-04-10 19:22:15,-3.0254,-60.1803,77.68,88,75,6.91,moderate rain
482,Turukhansk,RU,2022-04-10 19:22:15,65.8167,87.9833,-7.92,100,93,3.49,overcast clouds
483,Kochkurovo,RU,2022-04-10 19:22:15,54.0358,45.4184,47.07,89,100,6.67,overcast clouds
484,Hirara,JP,2022-04-10 19:22:16,24.8,125.2833,73.71,90,52,12.01,broken clouds
485,Talnakh,RU,2022-04-10 19:22:16,69.4865,88.3972,-3.08,97,94,3.51,overcast clouds
486,Cairns,AU,2022-04-10 19:18:37,-16.9167,145.7667,78.75,94,100,10.36,overcast clouds
487,Ukiah,US,2022-04-10 19:22:16,39.1502,-123.2078,65.44,39,0,16.11,clear sky
488,Rio Do Sul,BR,2022-04-10 19:20:46,-27.2142,-49.6431,80.38,54,100,4.65,overcast clouds
489,Faratsiho,MG,2022-04-10 19:22:17,-19.4,46.95,55.0,94,65,6.11,broken clouds
490,Beyneu,KZ,2022-04-10 19:22:17,45.3167,55.2,58.73,56,0,7.18,clear sky
491,Sorong,ID,2022-04-10 19:22:17,-0.8833,131.25,78.12,90,100,11.83,moderate rain
492,Kidal,ML,2022-04-10 19:22:18,18.4411,1.4078,93.56,7,0,12.73,clear sky
493,Whyalla,AU,2022-04-10 19:22:18,-33.0333,137.5833,66.09,88,7,10.36,clear sky
494,Robinson,US,2022-04-10 19:22:18,31.4677,-97.1147,83.19,53,0,28.77,clear sky
495,Maldonado,UY,2022-04-10 19:22:18,-34.6667,-54.9167,79.99,38,0,13.89,clear sky
496,Fort Payne,US,2022-04-10 19:22:19,34.4442,-85.7197,71.73,32,0,13.8,clear sky
497,Guerrero Negro,MX,2022-04-10 19:22:19,27.9769,-114.0611,74.01,49,0,7.38,clear sky
498,Oranjemund,NA,2022-04-10 19:22:19,-28.55,16.4333,66.61,63,0,12.77,clear sky
499,Tarakan,ID,2022-04-10 19:23:20,3.3,117.6333,76.5,94,40,2.3,moderate rain
500,Soyo,AO,2022-04-10 19:23:20,-6.1349,12.3689,78.84,84,42,6.04,scattered clouds
501,Gamboma,CG,2022-04-10 19:23:20,-1.8764,15.8644,73.67,92,100,2.53,moderate rain
502,Raudeberg,NO,2022-04-10 19:23:21,61.9875,5.1352,39.87,74,24,20.94,few clouds
503,Batemans Bay,AU,2022-04-10 19:23:21,-35.7167,150.1833,62.1,84,13,4.12,few clouds
504,Nyagan,RU,2022-04-10 19:23:21,62.1406,65.3936,37.17,99,100,7.92,overcast clouds
505,Aripuana,BR,2022-04-10 19:23:22,-9.1667,-60.6333,85.06,70,100,1.83,overcast clouds
506,Wewak,PG,2022-04-10 19:23:22,-3.5534,143.6268,78.01,86,13,7.36,few clouds
507,Ericeira,PT,2022-04-10 19:23:22,38.9627,-9.4156,62.35,78,100,20.33,overcast clouds
508,Mantenopolis,BR,2022-04-10 19:23:23,-18.8625,-41.1228,84.56,61,42,3.6,scattered clouds
509,Namibe,AO,2022-04-10 19:23:23,-15.1961,12.1522,71.31,79,21,3.4,few clouds
510,Tual,ID,2022-04-10 19:23:23,-5.6667,132.75,82.9,75,100,9.22,moderate rain
511,Creston,US,2022-04-10 19:23:24,41.0586,-94.3614,71.33,40,0,25.32,clear sky
512,Nalut,LY,2022-04-10 19:23:24,30.3333,10.85,71.6,15,0,12.62,clear sky
513,Andenes,NO,2022-04-10 19:23:24,69.3143,16.1194,35.58,69,0,21.85,clear sky
514,Birao,CF,2022-04-10 19:23:25,10.2849,22.7882,85.82,42,100,6.46,overcast clouds
515,Weyburn,CA,2022-04-10 19:23:25,49.6668,-103.8511,44.82,42,100,13.8,overcast clouds
516,Lasa,IT,2022-04-10 19:22:55,46.6166,10.7002,43.68,84,12,4.59,few clouds
517,Jawhar,SO,2022-04-10 19:23:25,2.7809,45.5005,80.94,70,88,14.03,overcast clouds
518,Comodoro Rivadavia,AR,2022-04-10 19:23:26,-45.8667,-67.5,58.86,58,40,11.5,scattered clouds
519,Mackay,AU,2022-04-10 19:23:26,-21.15,149.2,76.68,86,82,14.85,broken clouds
520,Ondangwa,NA,2022-04-10 19:23:26,-17.9167,15.95,82.02,32,9,6.8,clear sky
521,Sembakung,ID,2022-04-10 19:23:27,3.8167,117.25,72.64,98,100,1.79,overcast clouds
522,Ostersund,SE,2022-04-10 19:23:27,63.1792,14.6357,35.62,86,75,23.02,broken clouds
523,Pinawa,CA,2022-04-10 19:23:27,50.1489,-95.8811,45.82,64,100,3.58,overcast clouds
524,Konstantinovka,RU,2022-04-10 19:23:28,49.6167,127.9833,36.03,91,84,11.39,broken clouds
525,Mitsamiouli,KM,2022-04-10 19:23:28,-11.3847,43.2844,82.15,74,69,4.36,broken clouds
526,Rio De Janeiro,BR,2022-04-10 19:22:24,-22.9028,-43.2075,82.35,77,40,14.97,scattered clouds
527,Saint-Joseph,RE,2022-04-10 19:23:28,-21.3667,55.6167,77.38,80,43,13.94,scattered clouds
528,Uyutne,UA,2022-04-10 19:23:29,45.1994,33.3014,53.22,75,99,13.11,overcast clouds
529,General Roca,AR,2022-04-10 19:23:29,-39.0333,-67.5833,64.62,32,86,9.1,overcast clouds
530,Valparaiso,CL,2022-04-10 19:22:57,-33.0393,-71.6273,69.44,53,0,16.11,clear sky
531,Bonavista,CA,2022-04-10 19:23:29,48.6499,-53.1147,34.63,96,100,8.25,overcast clouds
532,Onega,RU,2022-04-10 19:23:30,63.9061,38.1404,32.63,87,47,11.63,scattered clouds
533,Tabina,PH,2022-04-10 19:23:30,7.4669,123.4081,78.51,85,100,10.58,overcast clouds
534,Staropavlovskaya,RU,2022-04-10 19:23:30,43.8489,43.6328,58.12,66,100,3.24,overcast clouds
535,Yashkul,RU,2022-04-10 19:23:31,46.1711,45.3435,57.7,49,73,8.37,broken clouds
536,Coracao De Jesus,BR,2022-04-10 19:23:31,-16.6853,-44.365,82.98,49,99,4.45,overcast clouds
537,Saint-Francois,FR,2022-04-10 19:23:31,46.4154,3.9054,47.64,58,0,9.22,clear sky
538,Jalu,LY,2022-04-10 19:23:32,29.0331,21.5482,76.96,19,0,10.74,clear sky
539,Wuwei,CN,2022-04-10 19:23:32,37.9281,102.6414,49.78,30,100,13.2,overcast clouds
540,Mersing,MY,2022-04-10 19:23:32,2.4312,103.8405,76.91,94,67,4.61,broken clouds
541,Kayerkan,RU,2022-04-10 19:23:33,69.3497,87.7602,-7.82,98,85,5.01,overcast clouds
542,Sinnamary,GF,2022-04-10 19:23:33,5.3833,-52.95,81.64,75,71,12.71,broken clouds
543,Ginir,ET,2022-04-10 19:24:33,7.1333,40.7,61.81,72,48,3.74,light rain
544,Kieta,PG,2022-04-10 19:24:34,-6.2167,155.6333,78.33,80,84,0.83,broken clouds
545,Stephenville,US,2022-04-10 19:22:34,32.2207,-98.2023,85.93,38,0,10.36,clear sky
546,Tautira,PF,2022-04-10 19:24:34,-17.7333,-149.15,81.46,75,35,19.57,scattered clouds
547,Sabha,LY,2022-04-10 19:24:34,27.0377,14.4283,77.88,19,0,18.63,clear sky
548,Laguna,US,2022-04-10 19:20:08,38.421,-121.4238,71.69,24,0,19.57,clear sky
549,Joshimath,IN,2022-04-10 19:24:35,30.5667,79.5667,57.13,35,0,8.57,clear sky
550,Bagotville,AU,2022-04-10 19:20:56,-28.9833,153.4167,65.86,99,13,5.59,few clouds
551,Cassilandia,BR,2022-04-10 19:24:35,-19.1133,-51.7342,87.87,52,12,2.86,few clouds
552,Sarangani,PH,2022-04-10 19:24:35,5.4033,125.4636,82.22,80,100,21.59,light rain
553,Sadovoye,RU,2022-04-10 19:24:36,47.7764,44.5089,58.03,53,88,8.5,overcast clouds
554,San Policarpo,PH,2022-04-10 19:24:36,12.1791,125.5072,79.14,90,100,23.04,overcast clouds
555,Strezhevoy,RU,2022-04-10 19:24:36,60.7333,77.5889,14.58,93,97,5.44,overcast clouds
556,Wilmington,US,2022-04-10 19:22:13,34.2257,-77.9447,65.86,32,0,13.8,clear sky
557,Codajas,BR,2022-04-10 19:24:37,-3.8367,-62.0569,76.42,93,100,2.28,overcast clouds
558,Oktyabrskoye,RU,2022-04-10 19:24:37,43.0645,44.7417,49.35,66,100,4.47,overcast clouds
559,Warrnambool,AU,2022-04-10 19:24:37,-38.3833,142.4833,56.8,63,67,10.76,broken clouds
560,Hami,CN,2022-04-10 19:22:48,42.8,93.45,52.75,17,88,13.31,overcast clouds
561,Bagdarin,RU,2022-04-10 19:24:38,54.4333,113.6,21.97,90,100,3.38,overcast clouds
562,Ust-Maya,RU,2022-04-10 19:24:38,60.4167,134.5333,23.61,97,100,3.56,snow
563,At-Bashi,KG,2022-04-10 19:24:38,41.1702,75.8106,47.16,63,100,3.33,overcast clouds
564,Polyarnyy,RU,2022-04-10 19:24:39,69.1989,33.4478,33.1,98,100,17.09,light snow
565,Sherbakul,RU,2022-04-10 19:24:39,54.6316,72.3963,36.9,70,5,7.67,clear sky
566,Bac Lieu,VN,2022-04-10 19:24:39,9.285,105.7244,79.07,83,92,8.88,overcast clouds
567,Metro,ID,2022-04-10 19:24:40,-5.1131,105.3067,74.35,91,100,5.91,overcast clouds
568,Adrar,MR,2022-04-10 19:21:32,20.5022,-10.0711,87.3,5,0,6.73,clear sky
569,Farafangana,MG,2022-04-10 19:24:40,-22.8167,47.8333,75.15,86,10,7.36,light rain
570,Tabas,IR,2022-04-10 19:24:40,33.5959,56.9244,77.22,18,0,9.22,clear sky
571,Santiago De Cao,PE,2022-04-10 19:24:41,-7.9589,-79.2392,71.55,80,58,16.06,broken clouds
572,Birjand,IR,2022-04-10 19:24:41,32.8663,59.2211,59.47,14,0,4.61,clear sky
573,Road Town,VG,2022-04-10 19:22:26,18.4167,-64.6167,84.24,61,40,6.91,scattered clouds
574,Bull Savanna,JM,2022-04-10 19:24:41,17.8868,-77.5902,77.13,73,63,3.47,broken clouds
575,Pec,XK,2022-04-10 19:24:42,42.6591,20.2883,37.85,88,100,7.45,overcast clouds
576,Kodino,RU,2022-04-10 19:24:42,63.7198,39.6447,32.79,86,8,8.9,clear sky
577,Srednekolymsk,RU,2022-04-10 19:24:42,67.45,153.6833,-1.35,98,100,5.79,overcast clouds
578,Fallon,US,2022-04-10 19:24:43,39.4735,-118.7774,50.45,12,75,0.0,broken clouds
579,Medea,DZ,2022-04-10 19:24:43,36.2642,2.7539,59.29,46,54,8.75,broken clouds
580,Noyabrsk,RU,2022-04-10 19:24:43,63.1994,75.4507,26.6,91,100,15.97,overcast clouds
581,Denpasar,ID,2022-04-10 19:23:37,-8.65,115.2167,78.46,94,40,3.44,scattered clouds
582,Gondanglegi,ID,2022-04-10 19:24:44,-7.7479,112.0132,74.01,91,11,4.43,few clouds
583,Arica,CL,2022-04-10 19:24:44,-18.475,-70.3042,70.03,64,0,16.11,clear sky
584,Yar-Sale,RU,2022-04-10 19:24:44,66.8333,70.8333,33.33,100,100,10.33,overcast clouds
585,Khorixas,NA,2022-04-10 19:21:20,-20.3667,14.9667,75.85,24,0,12.48,clear sky
586,Carbonia,IT,2022-04-10 19:24:45,39.1672,8.5222,54.25,63,7,4.97,clear sky
587,Bondo,CD,2022-04-10 19:24:45,3.8146,23.6866,70.05,96,100,1.7,moderate rain
588,Troitskoye,RU,2022-04-10 19:24:45,52.9821,84.6757,29.1,94,48,6.85,scattered clouds
589,Tyret Pervaya,RU,2022-04-10 19:24:46,53.6703,102.3106,29.53,84,100,6.55,overcast clouds
590,Anqing,CN,2022-04-10 19:24:46,30.5092,117.0506,68.31,62,39,4.07,scattered clouds
591,Remedios,CU,2022-04-10 19:25:46,22.4947,-79.5458,81.52,54,94,14.65,overcast clouds
592,Sao Jose Da Coroa Grande,BR,2022-04-10 19:22:50,-8.8978,-35.1478,82.18,71,35,8.72,scattered clouds
593,Aksarka,RU,2022-04-10 19:25:47,66.5606,67.7975,33.8,99,100,11.65,overcast clouds
594,Okhotsk,RU,2022-04-10 19:25:47,59.3833,143.3,20.77,90,100,9.42,overcast clouds
595,Akhmim,EG,2022-04-10 19:25:47,26.5622,31.745,82.02,13,8,9.4,clear sky
596,Santa Maria,BR,2022-04-10 19:25:48,-29.6842,-53.8069,76.3,78,0,2.3,light rain
597,Santa Lucia,ES,2022-04-10 19:25:48,27.9117,-15.5407,58.77,68,40,8.05,scattered clouds
598,Puerto Madero,MX,2022-04-10 19:25:48,14.7208,-92.4215,93.4,49,20,10.36,few clouds
599,Solton,RU,2022-04-10 19:25:48,52.8429,86.4787,29.25,94,100,5.41,overcast clouds
600,Oktyabrskiy,RU,2022-04-10 19:25:49,54.4815,53.471,39.34,94,99,1.9,overcast clouds
601,Singkang,MY,2022-04-10 19:25:49,2.1006,102.7994,74.88,94,76,1.48,broken clouds
602,Sabile,LV,2022-04-10 19:25:49,57.0458,22.5726,36.48,86,10,9.57,clear sky
603,Biak,ID,2022-04-10 19:25:50,-0.9131,122.8766,76.95,79,94,7.16,overcast clouds
604,Masuguru,TZ,2022-04-10 19:25:50,-11.3667,38.4167,73.33,89,37,2.44,light rain
605,Tessalit,ML,2022-04-10 19:25:50,20.1986,1.0114,88.39,5,0,8.3,clear sky
606,Sokoto,NG,2022-04-10 19:25:51,13.0609,5.239,95.86,18,18,6.76,few clouds
607,Ferkessedougou,CI,2022-04-10 19:25:51,9.6,-5.2,89.6,37,5,6.35,clear sky
608,Lichinga,MZ,2022-04-10 19:25:51,-13.3128,35.2406,66.29,94,0,6.91,clear sky
609,Kulhudhuffushi,MV,2022-04-10 19:25:52,6.6221,73.07,85.1,71,45,12.1,scattered clouds
610,Pingdingshan,CN,2022-04-10 19:25:52,33.7385,113.3012,67.84,65,0,7.58,clear sky
611,Jiayuguan,CN,2022-04-10 19:25:52,39.8167,98.3,42.58,31,100,8.41,overcast clouds
612,Haverfordwest,GB,2022-04-10 19:25:52,51.8017,-4.9691,49.59,68,100,8.01,overcast clouds
613,Guatire,VE,2022-04-10 19:25:53,10.4762,-66.5427,89.69,51,86,5.86,overcast clouds
614,Kalmunai,LK,2022-04-10 19:25:53,7.4167,81.8167,78.48,86,78,5.97,broken clouds
615,Leningradskiy,RU,2022-04-10 19:25:53,69.3833,178.4167,-10.23,91,46,4.29,scattered clouds
616,Kangundo,KE,2022-04-10 19:25:54,-1.2979,37.3471,62.58,70,71,4.36,broken clouds
617,Galveston,US,2022-04-10 19:25:54,29.3669,-94.9669,79.18,71,100,24.16,overcast clouds
618,Zharkent,KZ,2022-04-10 19:25:54,44.1628,80.0,57.13,61,80,7.14,broken clouds
619,Derzhavinsk,KZ,2022-04-10 19:25:55,51.1,66.3167,48.58,56,100,20.67,light rain
620,Fukue,JP,2022-04-10 19:25:55,32.6881,128.8419,65.03,85,100,15.93,overcast clouds
621,Khorinsk,RU,2022-04-10 19:25:55,52.1657,109.7726,25.34,86,30,5.77,scattered clouds
622,Xuddur,SO,2022-04-10 19:25:56,4.1213,43.8894,83.95,45,60,19.08,broken clouds
623,Vila Velha,BR,2022-04-10 19:21:06,-20.3297,-40.2925,82.35,79,40,10.36,scattered clouds
624,Port Blair,IN,2022-04-10 19:25:56,11.6667,92.75,78.84,89,20,2.3,mist
625,Jensen Beach,US,2022-04-10 19:25:56,27.2545,-80.2298,77.09,54,0,13.8,clear sky
626,De-Kastri,RU,2022-04-10 19:25:57,51.4667,140.7833,29.19,90,100,6.22,light snow
627,Nouakchott,MR,2022-04-10 19:25:57,18.0858,-15.9785,66.13,79,8,17.22,clear sky
628,Bergen,NO,2022-04-10 19:25:57,60.392,5.328,40.15,49,40,11.5,scattered clouds
629,Miri,MY,2022-04-10 19:25:58,4.4148,114.0089,73.54,100,20,0.0,few clouds
630,Pangody,RU,2022-04-10 19:25:58,65.85,74.4859,32.77,99,100,10.45,light snow
631,Olinda,BR,2022-04-10 19:24:58,-8.0089,-34.8553,83.93,74,40,12.66,scattered clouds
632,Tal,PK,2022-04-10 19:23:53,35.4791,72.2439,52.7,49,24,7.61,few clouds
633,Marawi,PH,2022-04-10 19:25:59,7.9986,124.2928,68.22,94,100,6.96,overcast clouds
634,Sabang,ID,2022-04-10 19:25:59,5.8933,95.3214,83.23,70,95,2.42,overcast clouds
635,Moberly,US,2022-04-10 19:25:59,39.4184,-92.4382,78.93,32,0,14.97,clear sky
636,Luanda,AO,2022-04-10 19:21:44,-8.8368,13.2343,78.8,83,40,11.5,scattered clouds
637,Kristiinankaupunki,FI,2022-04-10 19:27:00,62.2743,21.376,35.64,96,100,21.65,overcast clouds
638,Walvis Bay,NA,2022-04-10 19:27:00,-22.9575,14.5053,56.35,94,0,6.91,clear sky
639,Pemangkat,ID,2022-04-10 19:27:00,1.1667,108.9667,78.93,77,49,2.86,scattered clouds
640,Umm Lajj,SA,2022-04-10 19:26:28,25.0213,37.2685,79.29,51,1,3.47,clear sky
641,Yueyang,CN,2022-04-10 19:27:01,29.3333,113.0919,70.39,64,0,7.67,clear sky
642,Manuk Mangkaw,PH,2022-04-10 19:27:01,4.8,119.85,80.02,80,100,5.64,moderate rain
643,College,US,2022-04-10 19:27:01,64.8569,-147.8028,17.58,64,100,1.01,light snow
644,Onokhoy,RU,2022-04-10 19:27:02,51.932,108.0747,33.55,90,90,5.21,overcast clouds
645,Itaituba,BR,2022-04-10 19:27:02,-4.2761,-55.9836,87.96,70,40,4.61,scattered clouds
646,Anito,PH,2022-04-10 19:27:02,12.4497,125.2886,77.97,93,100,19.1,overcast clouds
647,El Tigre,VE,2022-04-10 19:27:02,8.8875,-64.2454,95.99,24,56,12.73,broken clouds
648,Almendralejo,ES,2022-04-10 19:27:03,38.6832,-6.4075,71.53,50,96,11.65,overcast clouds
649,Igarka,RU,2022-04-10 19:27:03,67.4667,86.5833,-17.09,100,80,1.97,broken clouds
650,Dabat,ET,2022-04-10 19:27:03,12.9842,37.765,68.07,23,36,2.48,scattered clouds
651,Yerbogachen,RU,2022-04-10 19:27:04,61.2767,108.0108,10.22,98,78,3.89,broken clouds
652,Chapais,CA,2022-04-10 19:27:04,49.7834,-74.8492,33.58,78,100,8.43,overcast clouds
653,Belyy Yar,RU,2022-04-10 19:27:04,53.6039,91.3903,30.85,76,0,8.95,clear sky
654,Privas,FR,2022-04-10 19:27:05,44.5833,4.5,51.24,53,67,2.19,broken clouds
655,Herat,AF,2022-04-10 19:27:05,34.5,62.0,63.52,40,100,13.94,overcast clouds
656,Muscat,OM,2022-04-10 19:26:03,23.6139,58.5922,89.62,30,95,9.46,overcast clouds
657,Kerman,IR,2022-04-10 19:27:05,30.2832,57.0788,71.46,7,0,11.5,clear sky
658,Cancun,MX,2022-04-10 19:26:34,21.1743,-86.8466,78.73,50,75,8.05,broken clouds
659,Sibu,MY,2022-04-10 19:27:06,2.3,111.8167,75.51,94,40,2.3,scattered clouds
660,Oussouye,SN,2022-04-10 19:27:06,12.485,-16.5469,86.18,46,6,12.26,clear sky
661,Namatanai,PG,2022-04-10 19:27:06,-3.6667,152.4333,79.11,79,83,5.19,broken clouds
662,Dunedin,NZ,2022-04-10 19:27:07,-45.8742,170.5036,51.8,91,0,1.01,clear sky
663,Bhindar,IN,2022-04-10 19:27:07,24.5,74.1833,83.07,12,81,6.98,broken clouds
664,Ardahan,TR,2022-04-10 19:27:07,41.1087,42.7022,28.36,89,59,2.15,broken clouds
665,Hlinsko,CZ,2022-04-10 19:27:08,49.7621,15.9076,35.1,96,18,11.99,few clouds
666,Aquiraz,BR,2022-04-10 19:27:08,-3.9014,-38.3911,80.69,82,84,6.29,broken clouds
667,Makungu,TZ,2022-04-10 19:27:08,-8.7333,35.2833,62.85,98,94,3.09,overcast clouds
668,Chalisgaon,IN,2022-04-10 19:27:08,20.4667,75.0167,88.5,21,99,4.38,overcast clouds
669,Barra Do Garcas,BR,2022-04-10 19:27:09,-15.89,-52.2567,90.18,48,20,2.3,few clouds
670,Udachnyy,RU,2022-04-10 19:27:09,66.4167,112.4,1.78,100,93,3.04,overcast clouds
671,Mocuba,MZ,2022-04-10 19:27:09,-16.8392,36.9856,70.0,96,1,3.15,clear sky
672,Ouadda,CF,2022-04-10 19:27:10,8.0777,22.4007,69.37,95,100,3.83,light rain
673,Roissy-En-Brie,FR,2022-04-10 19:27:10,48.8,2.65,52.5,71,100,7.34,overcast clouds
674,Paamiut,GL,2022-04-10 19:27:10,61.994,-49.6678,31.19,79,100,16.31,overcast clouds
675,Uvarovo,RU,2022-04-10 19:27:11,51.9849,42.2615,55.18,76,100,7.7,overcast clouds
676,Ponta Delgada,PT,2022-04-10 19:23:50,37.7333,-25.6667,57.92,62,20,19.57,few clouds
677,Hanna,CA,2022-04-10 19:25:21,51.6334,-111.9018,35.85,32,100,15.99,overcast clouds
678,Mana,GF,2022-04-10 19:27:11,5.6592,-53.7767,81.59,75,100,11.99,overcast clouds
